PDB	PocketNumber	prob_False	prob_True	Class
1AYM	0	1.00	0.00	False
1AYM	1	0.04	0.96	True
1AYM	2	0.88	0.12	False
1AYM	3	0.98	0.02	False
1AYM	4	0.85	0.15	False
1AYM	5	0.94	0.06	False
1AYM	6	1.00	0.00	False
1B56	0	0.20	0.80	True
1E02	0	0.02	0.98	True
1EVY	0	0.61	0.39	False
1EVY	1	0.86	0.14	False
1EVY	2	0.16	0.84	True
1EVY	3	0.98	0.02	False
1EVY	4	1.00	0.00	False
1GKA	0	0.01	0.99	True
1GKA	1	0.96	0.04	False
1GT4	0	0.01	0.99	True
1GT4	1	0.11	0.89	True
1GT4	2	1.00	0.00	False
1GT4	3	0.91	0.09	False
1GXS	0	0.13	0.87	True
1GXS	1	0.12	0.88	True
1GXS	2	0.99	0.01	False
1GXS	3	0.72	0.28	False
1GXS	4	1.00	0.00	False
1H2B	0	1.00	0.00	False
1H2B	1	0.31	0.69	True
1H2B	2	0.83	0.17	False
1H2B	3	1.00	0.00	False
1H2B	4	0.97	0.03	False
1H2B	5	0.97	0.03	False
1H9G	0	0.98	0.02	False
1H9G	1	0.99	0.01	False
1HBK	0	0.36	0.64	True
1HZP	0	0.54	0.46	False
1HZP	1	0.99	0.01	False
1HZP	2	0.99	0.01	False
1HZP	3	0.99	0.01	False
1HZP	4	1.00	0.00	False
1HZP	5	1.00	0.00	False
1HZP	6	1.00	0.00	False
1ICM	0	0.03	0.97	True
1K4W	0	0.01	0.99	True
1K4W	1	1.00	0.00	False
1K4W	2	1.00	0.00	False
1K4W	3	1.00	0.00	False
1KPL	0	1.00	0.00	False
1KPL	1	0.44	0.56	True
1KPL	2	1.00	0.00	False
1KPL	3	0.96	0.04	False
1KPL	4	0.69	0.31	False
1KPL	5	1.00	0.00	False
1KPL	6	0.75	0.25	False
1KPL	7	0.86	0.14	False
1KPL	8	1.00	0.00	False
1L7Z	0	0.05	0.95	True
1L7Z	1	1.00	0.00	False
1L7Z	2	0.97	0.03	False
1L7Z	3	0.99	0.01	False
1LLF	0	0.99	0.01	False
1LLF	1	0.98	0.02	False
1LLF	2	0.70	0.30	False
1LLF	3	0.47	0.53	True
1MA0	0	0.36	0.64	True
1MA0	10	1.00	0.00	False
1MA0	11	1.00	0.00	False
1MA0	1	0.85	0.15	False
1MA0	2	1.00	0.00	False
1MA0	3	1.00	0.00	False
1MA0	4	1.00	0.00	False
1MA0	5	1.00	0.00	False
1MA0	6	0.97	0.03	False
1MA0	7	1.00	0.00	False
1MA0	8	0.97	0.03	False
1MA0	9	1.00	0.00	False
1MDC	0	0.04	0.96	True
1MZM	0	0.08	0.92	True
1NFP	0	0.58	0.42	False
1NFP	1	0.62	0.38	False
1NFP	2	1.00	0.00	False
1O8V	0	0.33	0.67	True
1OPJ	0	0.52	0.48	False
1OPJ	1	1.00	0.00	False
1OPJ	2	0.39	0.61	True
1OPK	0	0.87	0.13	False
1OPK	1	0.03	0.97	True
1OPK	2	1.00	0.00	False
1OPK	3	0.95	0.05	False
1OPK	4	1.00	0.00	False
1PZ4	0	0.04	0.96	True
1SZ7	0	0.02	0.98	True
1TC8	0	0.41	0.59	True
1TCO	0	0.24	0.76	True
1TCO	1	1.00	0.00	False
1TCO	2	0.85	0.15	False
1TCO	3	1.00	0.00	False
1TCO	4	0.97	0.03	False
1TCO	5	1.00	0.00	False
1V26	0	1.00	0.00	False
1V26	10	1.00	0.00	False
1V26	1	0.83	0.17	False
1V26	2	1.00	0.00	False
1V26	3	1.00	0.00	False
1V26	4	0.87	0.13	False
1V26	5	0.95	0.05	False
1V26	6	1.00	0.00	False
1V26	7	0.98	0.02	False
1V26	8	1.00	0.00	False
1V26	9	1.00	0.00	False
1W6J	0	0.92	0.08	False
1W6J	1	0.36	0.64	True
1W6J	2	0.85	0.15	False
1W6J	3	0.97	0.03	False
1W6J	4	0.87	0.13	False
1W6J	5	1.00	0.00	False
1W6J	6	1.00	0.00	False
1XVP	0	1.00	0.00	False
1XVP	1	0.47	0.53	True
1XVP	2	1.00	0.00	False
1XVP	3	0.93	0.07	False
1Y5M	0	0.09	0.91	True
1Y5M	1	0.39	0.61	True
1Y5M	2	0.99	0.01	False
1Y5M	3	1.00	0.00	False
1Y5M	4	0.99	0.01	False
1Y9L	0	0.04	0.96	True
1Z4A	0	0.44	0.56	True
1Z4A	10	1.00	0.00	False
1Z4A	11	0.99	0.01	False
1Z4A	12	1.00	0.00	False
1Z4A	13	0.87	0.13	False
1Z4A	14	0.99	0.01	False
1Z4A	15	1.00	0.00	False
1Z4A	16	1.00	0.00	False
1Z4A	17	1.00	0.00	False
1Z4A	18	0.99	0.01	False
1Z4A	19	0.91	0.09	False
1Z4A	1	0.98	0.02	False
1Z4A	20	1.00	0.00	False
1Z4A	21	1.00	0.00	False
1Z4A	22	1.00	0.00	False
1Z4A	23	1.00	0.00	False
1Z4A	24	1.00	0.00	False
1Z4A	25	0.99	0.01	False
1Z4A	26	1.00	0.00	False
1Z4A	27	0.99	0.01	False
1Z4A	2	0.99	0.01	False
1Z4A	3	0.03	0.97	True
1Z4A	4	1.00	0.00	False
1Z4A	5	0.00	1.00	True
1Z4A	6	0.00	1.00	True
1Z4A	7	0.95	0.05	False
1Z4A	8	1.00	0.00	False
1Z4A	9	0.98	0.02	False
1ZNG	0	0.01	0.99	True
2ALG	0	0.29	0.71	True
2CFZ	0	0.91	0.09	False
2CFZ	1	0.52	0.48	False
2CFZ	2	1.00	0.00	False
2CFZ	3	0.85	0.15	False
2DEB	0	0.29	0.71	True
2DEB	1	1.00	0.00	False
2DEB	2	0.98	0.02	False
2DEB	3	0.75	0.25	False
2DEB	4	0.51	0.49	False
2DEB	5	1.00	0.00	False
2DQZ	0	1.00	0.00	False
2DQZ	10	0.96	0.04	False
2DQZ	11	1.00	0.00	False
2DQZ	12	0.95	0.05	False
2DQZ	13	0.89	0.11	False
2DQZ	14	1.00	0.00	False
2DQZ	15	1.00	0.00	False
2DQZ	16	0.93	0.07	False
2DQZ	17	1.00	0.00	False
2DQZ	18	0.96	0.04	False
2DQZ	19	0.91	0.09	False
2DQZ	1	0.12	0.88	True
2DQZ	20	0.08	0.92	True
2DQZ	21	0.11	0.89	True
2DQZ	22	0.97	0.03	False
2DQZ	23	1.00	0.00	False
2DQZ	24	0.98	0.02	False
2DQZ	25	0.99	0.01	False
2DQZ	2	1.00	0.00	False
2DQZ	3	1.00	0.00	False
2DQZ	4	0.96	0.04	False
2DQZ	5	1.00	0.00	False
2DQZ	6	1.00	0.00	False
2DQZ	7	0.98	0.02	False
2DQZ	8	1.00	0.00	False
2DQZ	9	0.30	0.70	True
2DT8	0	0.01	0.99	True
2E+056	0	0.01	0.99	True
2E9L	0	0.13	0.87	True
2GFY	0	0.11	0.89	True
2GFY	1	1.00	0.00	False
2GO3	0	0.56	0.44	False
2GO3	1	1.00	0.00	False
2GSK	0	1.00	0.00	False
2GSK	10	0.73	0.27	False
2GSK	11	1.00	0.00	False
2GSK	12	1.00	0.00	False
2GSK	1	1.00	0.00	False
2GSK	2	1.00	0.00	False
2GSK	3	1.00	0.00	False
2GSK	4	1.00	0.00	False
2GSK	5	0.96	0.04	False
2GSK	6	1.00	0.00	False
2GSK	7	0.63	0.37	False
2GSK	8	0.86	0.14	False
2GSK	9	1.00	0.00	False
2GSM	0	0.28	0.72	True
2GSM	1	0.74	0.26	False
2GSM	2	0.54	0.46	False
2GSM	3	0.33	0.67	True
2GSM	4	0.56	0.44	False
2IQ0	0	0.46	0.54	True
2IQ0	1	0.74	0.26	False
2IU8	0	0.98	0.02	False
2IU8	10	0.97	0.03	False
2IU8	11	1.00	0.00	False
2IU8	12	1.00	0.00	False
2IU8	13	1.00	0.00	False
2IU8	1	1.00	0.00	False
2IU8	2	1.00	0.00	False
2IU8	3	0.99	0.01	False
2IU8	4	0.97	0.03	False
2IU8	5	0.90	0.10	False
2IU8	6	1.00	0.00	False
2IU8	7	0.25	0.75	True
2IU8	8	1.00	0.00	False
2IU8	9	1.00	0.00	False
2JIY	0	0.44	0.56	True
2JIY	10	0.70	0.30	False
2JIY	11	0.91	0.09	False
2JIY	1	0.84	0.16	False
2JIY	2	0.37	0.63	True
2JIY	3	0.18	0.82	True
2JIY	4	0.38	0.62	True
2JIY	5	1.00	0.00	False
2JIY	6	0.33	0.67	True
2JIY	7	0.32	0.68	True
2JIY	8	0.96	0.04	False
2JIY	9	0.90	0.10	False
2NNJ	0	0.04	0.96	True
2NNJ	1	1.00	0.00	False
2NNJ	2	0.76	0.24	False
2NNJ	3	0.94	0.06	False
2NNJ	4	0.98	0.02	False
2NWL	0	0.07	0.93	True
2NWL	1	0.26	0.74	True
2NWL	2	0.35	0.65	True
2NWL	3	0.27	0.73	True
2NWL	4	1.00	0.00	False
2NWL	5	0.61	0.39	False
2NWL	6	1.00	0.00	False
2NWL	7	0.65	0.35	False
2NWL	8	0.99	0.01	False
2NWL	9	0.84	0.16	False
2OVD	0	0.99	0.01	False
2OVD	1	0.12	0.88	True
2QHD	0	0.11	0.89	True
2QHD	1	1.00	0.00	False
2QHV	0	0.96	0.04	False
2QZT	0	0.03	0.97	True
2QZT	1	0.05	0.95	True
2QZT	2	1.00	0.00	False
2R2I	0	0.17	0.83	True
2RH1	0	1.00	0.00	False
2RH1	1	0.81	0.19	False
2RH1	2	0.70	0.30	False
2RH1	3	0.99	0.01	False
2RH1	4	0.69	0.31	False
2RH1	5	0.99	0.01	False
2UUU	0	0.82	0.18	False
2UUU	10	1.00	0.00	False
2UUU	11	0.91	0.09	False
2UUU	12	1.00	0.00	False
2UUU	13	1.00	0.00	False
2UUU	14	1.00	0.00	False
2UUU	15	0.89	0.11	False
2UUU	16	0.99	0.01	False
2UUU	17	1.00	0.00	False
2UUU	18	1.00	0.00	False
2UUU	19	1.00	0.00	False
2UUU	1	0.86	0.14	False
2UUU	2	0.98	0.02	False
2UUU	3	0.62	0.38	False
2UUU	4	0.99	0.01	False
2UUU	5	0.85	0.15	False
2UUU	6	0.98	0.02	False
2UUU	7	0.98	0.02	False
2UUU	8	0.92	0.08	False
2UUU	9	1.00	0.00	False
2UWH	0	1.00	0.00	False
2UWH	1	0.04	0.96	True
2UWH	2	1.00	0.00	False
2VT4	0	1.00	0.00	False
2VT4	10	0.95	0.05	False
2VT4	11	0.41	0.59	True
2VT4	1	0.37	0.63	True
2VT4	2	0.90	0.10	False
2VT4	3	0.25	0.75	True
2VT4	4	0.55	0.45	False
2VT4	5	0.31	0.69	True
2VT4	6	0.73	0.27	False
2VT4	7	1.00	0.00	False
2VT4	8	1.00	0.00	False
2VT4	9	0.45	0.55	True
2W3Y	0	0.01	0.99	True
2WEW	0	0.10	0.90	True
2WG9	0	0.10	0.90	True
2WH5	0	0.51	0.49	False
2WH5	1	0.47	0.53	True
2WJR	0	0.98	0.02	False
2YNK	0	1.00	0.00	False
2YNK	1	1.00	0.00	False
2YNK	2	0.94	0.06	False
2YNK	3	0.74	0.26	False
2Z6V	0	0.44	0.56	True
2Z6V	1	1.00	0.00	False
2Z73	0	0.61	0.39	False
2Z73	1	0.98	0.02	False
2Z73	2	0.79	0.21	False
2ZWS	0	0.69	0.31	False
2ZWS	1	0.61	0.39	False
2ZWS	2	0.99	0.01	False
2ZWS	3	1.00	0.00	False
2ZYH	0	0.02	0.98	True
2ZYH	1	1.00	0.00	False
2ZYH	2	0.94	0.06	False
2ZYH	3	1.00	0.00	False
2ZYH	4	0.98	0.02	False
3ANP	0	0.02	0.98	True
3ANP	1	0.08	0.92	True
3ANP	2	0.99	0.01	False
3ANP	3	0.97	0.03	False
3ANP	4	1.00	0.00	False
3ANP	5	1.00	0.00	False
3ATR	0	0.05	0.95	True
3ATR	1	1.00	0.00	False
3ATR	2	1.00	0.00	False
3ATR	3	1.00	0.00	False
3ATR	4	1.00	0.00	False
3AWM	0	0.01	0.99	True
3AWM	1	0.89	0.11	False
3AWM	2	1.00	0.00	False
3BFH	0	0.25	0.75	True
3BKR	0	0.02	0.98	True
3CJD	0	1.00	0.00	False
3CJD	1	0.48	0.52	True
3CJD	2	0.06	0.94	True
3CJD	3	0.99	0.01	False
3CUE	0	0.87	0.13	False
3CUE	10	1.00	0.00	False
3CUE	11	0.99	0.01	False
3CUE	12	1.00	0.00	False
3CUE	1	0.10	0.90	True
3CUE	2	0.95	0.05	False
3CUE	3	0.99	0.01	False
3CUE	4	1.00	0.00	False
3CUE	5	0.99	0.01	False
3CUE	6	1.00	0.00	False
3CUE	7	0.94	0.06	False
3CUE	8	0.99	0.01	False
3CUE	9	1.00	0.00	False
3DFK	0	0.79	0.21	False
3DSK	0	0.17	0.83	True
3DSK	1	0.95	0.05	False
3DSK	2	0.61	0.39	False
3DSK	3	0.97	0.03	False
3EE4	0	0.09	0.91	True
3EE4	1	1.00	0.00	False
3EE4	2	0.97	0.03	False
3EGL	0	0.08	0.92	True
3EGL	1	1.00	0.00	False
3EML	0	0.13	0.87	True
3EML	1	0.69	0.31	False
3EML	2	0.79	0.21	False
3EML	3	0.95	0.05	False
3EML	4	1.00	0.00	False
3EML	5	0.93	0.07	False
3EPY	0	0.49	0.51	True
3EPY	1	0.48	0.52	True
3EUT	0	0.19	0.81	True
3EUT	1	0.65	0.35	False
3EUT	2	0.08	0.92	True
3EUT	3	0.52	0.48	False
3EUT	4	1.00	0.00	False
3EUT	5	0.74	0.26	False
3F3A	0	0.03	0.97	True
3F3A	1	0.14	0.86	True
3F3A	2	0.70	0.30	False
3F3A	3	1.00	0.00	False
3FS1	0	0.99	0.01	False
3FS1	1	0.00	1.00	True
3FS1	2	0.80	0.20	False
3FYS	0	0.36	0.64	True
3FYS	1	0.95	0.05	False
3GIA	0	0.08	0.92	True
3GIA	1	0.16	0.84	True
3GMO	0	0.00	1.00	True
3GMO	1	0.05	0.95	True
3GMO	2	1.00	0.00	False
3GMO	3	0.86	0.14	False
3GMO	4	1.00	0.00	False
3GMO	5	0.99	0.01	False
3GMO	6	0.99	0.01	False
3I3F	0	0.96	0.04	False
3I3F	1	1.00	0.00	False
3I3F	2	1.00	0.00	False
3III	0	0.58	0.42	False
3III	1	0.91	0.09	False
3III	2	1.00	0.00	False
3III	3	1.00	0.00	False
3III	4	1.00	0.00	False
3K3C	0	0.05	0.95	True
3K3C	1	1.00	0.00	False
3K3C	2	0.05	0.95	True
3K3C	3	1.00	0.00	False
3K3C	4	1.00	0.00	False
3L91	0	0.99	0.01	False
3L91	1	0.98	0.02	False
3L91	2	0.88	0.12	False
3L91	3	1.00	0.00	False
3LSJ	0	0.30	0.70	True
3LSJ	1	0.29	0.71	True
3LSJ	2	1.00	0.00	False
3LSJ	3	0.05	0.95	True
3LSJ	4	0.74	0.26	False
3LSJ	5	0.97	0.03	False
3LSJ	6	0.91	0.09	False
3NR3	0	0.04	0.96	True
3O22	0	0.86	0.14	False
3OV6	0	0.55	0.45	False
3OV6	1	0.47	0.53	True
3OV6	2	0.18	0.82	True
3OV6	3	0.76	0.24	False
3OV6	4	1.00	0.00	False
3OV6	5	0.97	0.03	False
3OV6	6	1.00	0.00	False
3PPM	0	1.00	0.00	False
3PPM	10	1.00	0.00	False
3PPM	1	0.01	0.99	True
3PPM	2	0.07	0.93	True
3PPM	3	1.00	0.00	False
3PPM	4	1.00	0.00	False
3PPM	5	1.00	0.00	False
3PPM	6	0.95	0.05	False
3PPM	7	1.00	0.00	False
3PPM	8	0.18	0.82	True
3PPM	9	1.00	0.00	False
3PXP	0	0.99	0.01	False
3PXP	1	0.02	0.98	True
3QH0	0	0.84	0.16	False
3QH0	10	1.00	0.00	False
3QH0	11	1.00	0.00	False
3QH0	12	1.00	0.00	False
3QH0	13	1.00	0.00	False
3QH0	14	0.98	0.02	False
3QH0	15	1.00	0.00	False
3QH0	16	1.00	0.00	False
3QH0	1	1.00	0.00	False
3QH0	2	1.00	0.00	False
3QH0	3	1.00	0.00	False
3QH0	4	1.00	0.00	False
3QH0	5	1.00	0.00	False
3QH0	6	0.16	0.84	True
3QH0	7	1.00	0.00	False
3QH0	8	1.00	0.00	False
3QH0	9	0.99	0.01	False
3R1P	0	0.02	0.98	True
3R9B	0	1.00	0.00	False
3R9B	1	0.01	0.99	True
3R9B	2	0.85	0.15	False
3R9B	3	0.98	0.02	False
3RKO	0	0.08	0.92	True
3RKO	10	0.88	0.12	False
3RKO	11	0.40	0.60	True
3RKO	12	0.08	0.92	True
3RKO	13	1.00	0.00	False
3RKO	14	1.00	0.00	False
3RKO	15	1.00	0.00	False
3RKO	16	0.82	0.18	False
3RKO	17	0.92	0.08	False
3RKO	18	0.89	0.11	False
3RKO	19	0.93	0.07	False
3RKO	1	0.18	0.82	True
3RKO	20	0.69	0.31	False
3RKO	21	0.57	0.43	False
3RKO	2	0.55	0.45	False
3RKO	3	0.15	0.85	True
3RKO	4	1.00	0.00	False
3RKO	5	0.43	0.57	True
3RKO	6	0.24	0.76	True
3RKO	7	0.70	0.30	False
3RKO	8	0.98	0.02	False
3RKO	9	0.82	0.18	False
3STY	0	0.04	0.96	True
3STY	1	0.98	0.02	False
3STY	2	0.01	0.99	True
3STY	3	1.00	0.00	False
3U3L	0	0.27	0.73	True
3UKM	0	0.07	0.93	True
3UKM	1	0.11	0.89	True
3UKM	2	1.00	0.00	False
3UKM	3	1.00	0.00	False
3UKM	4	1.00	0.00	False
3UKM	5	0.85	0.15	False
3UKM	6	1.00	0.00	False
3VG7	0	0.03	0.97	True
3VQ2	0	0.02	0.98	True
3VQ2	10	1.00	0.00	False
3VQ2	11	0.03	0.97	True
3VQ2	12	1.00	0.00	False
3VQ2	13	1.00	0.00	False
3VQ2	14	1.00	0.00	False
3VQ2	1	1.00	0.00	False
3VQ2	2	0.58	0.42	False
3VQ2	3	1.00	0.00	False
3VQ2	4	1.00	0.00	False
3VQ2	5	1.00	0.00	False
3VQ2	6	1.00	0.00	False
3VQ2	7	1.00	0.00	False
3VQ2	8	1.00	0.00	False
3VQ2	9	1.00	0.00	False
3W9K	0	0.08	0.92	True
3WL4	0	0.44	0.56	True
3WL4	10	1.00	0.00	False
3WL4	11	0.28	0.72	True
3WL4	12	1.00	0.00	False
3WL4	1	0.38	0.62	True
3WL4	2	0.97	0.03	False
3WL4	3	0.97	0.03	False
3WL4	4	0.99	0.01	False
3WL4	5	0.90	0.10	False
3WL4	6	0.99	0.01	False
3WL4	7	0.91	0.09	False
3WL4	8	0.97	0.03	False
3WL4	9	1.00	0.00	False
3WL8	0	0.96	0.04	False
4B5N	0	0.42	0.58	True
4B5N	1	1.00	0.00	False
4B5N	2	0.98	0.02	False
4BC7	0	1.00	0.00	False
4BC7	10	0.61	0.39	False
4BC7	1	0.52	0.48	False
4BC7	2	1.00	0.00	False
4BC7	3	1.00	0.00	False
4BC7	4	1.00	0.00	False
4BC7	5	1.00	0.00	False
4BC7	6	0.99	0.01	False
4BC7	7	0.98	0.02	False
4BC7	8	1.00	0.00	False
4BC7	9	1.00	0.00	False
4CU4	0	1.00	0.00	False
4CU4	1	1.00	0.00	False
4CU4	2	1.00	0.00	False
4CU4	3	1.00	0.00	False
4CU4	4	1.00	0.00	False
4CU4	5	1.00	0.00	False
4CZA	0	1.00	0.00	False
4CZA	10	1.00	0.00	False
4CZA	11	0.99	0.01	False
4CZA	12	1.00	0.00	False
4CZA	1	1.00	0.00	False
4CZA	2	0.97	0.03	False
4CZA	3	1.00	0.00	False
4CZA	4	0.69	0.31	False
4CZA	5	1.00	0.00	False
4CZA	6	0.99	0.01	False
4CZA	7	1.00	0.00	False
4CZA	8	1.00	0.00	False
4CZA	9	0.94	0.06	False
4D65	0	1.00	0.00	False
4D65	10	1.00	0.00	False
4D65	11	0.05	0.95	True
4D65	12	0.06	0.94	True
4D65	13	0.24	0.76	True
4D65	14	0.66	0.34	False
4D65	15	0.99	0.01	False
4D65	16	0.33	0.67	True
4D65	17	0.32	0.68	True
4D65	1	1.00	0.00	False
4D65	2	0.99	0.01	False
4D65	3	1.00	0.00	False
4D65	4	1.00	0.00	False
4D65	5	1.00	0.00	False
4D65	6	1.00	0.00	False
4D65	7	1.00	0.00	False
4D65	8	0.01	0.99	True
4D65	9	1.00	0.00	False
4DFX	0	0.98	0.02	False
4DFX	1	1.00	0.00	False
4DFX	2	0.33	0.67	True
4DFX	3	1.00	0.00	False
4DFX	4	1.00	0.00	False
4DOL	0	0.06	0.94	True
4DOL	1	0.73	0.27	False
4DOO	0	0.07	0.93	True
4FQE	0	1.00	0.00	False
4FQE	1	1.00	0.00	False
4FQE	2	0.81	0.19	False
4G0S	0	0.29	0.71	True
4G0S	1	0.05	0.95	True
4GH0	0	0.09	0.91	True
4GH0	1	0.97	0.03	False
4GH0	2	0.91	0.09	False
4GH0	3	0.29	0.71	True
4I35	0	1.00	0.00	False
4I4C	0	0.19	0.81	True
4I4C	1	0.27	0.73	True
4I4C	2	1.00	0.00	False
4I76	0	0.61	0.39	False
4I76	1	0.61	0.39	False
4I76	2	1.00	0.00	False
4I76	3	1.00	0.00	False
4IB4	0	0.72	0.28	False
4IB4	1	0.10	0.90	True
4IB4	2	0.05	0.95	True
4IB4	3	0.90	0.10	False
4IB4	4	1.00	0.00	False
4IB4	5	0.96	0.04	False
4IQR	0	1.00	0.00	False
4IQR	10	1.00	0.00	False
4IQR	11	1.00	0.00	False
4IQR	12	1.00	0.00	False
4IQR	13	0.99	0.01	False
4IQR	14	1.00	0.00	False
4IQR	15	1.00	0.00	False
4IQR	16	1.00	0.00	False
4IQR	17	1.00	0.00	False
4IQR	1	0.99	0.01	False
4IQR	2	1.00	0.00	False
4IQR	3	0.00	1.00	True
4IQR	4	0.02	0.98	True
4IQR	5	1.00	0.00	False
4IQR	6	1.00	0.00	False
4IQR	7	1.00	0.00	False
4IQR	8	1.00	0.00	False
4IQR	9	1.00	0.00	False
4JAQ	0	0.16	0.84	True
4JAQ	1	0.07	0.93	True
4JAQ	2	1.00	0.00	False
4JAQ	3	0.12	0.88	True
4JAQ	4	0.22	0.78	True
4JAQ	5	1.00	0.00	False
4JGX	0	0.15	0.85	True
4JRB	0	0.34	0.66	True
4JRB	1	0.99	0.01	False
4JRB	2	0.36	0.64	True
4JRB	3	0.56	0.44	False
4KU0	0	0.08	0.92	True
4KU0	1	0.03	0.97	True
4KU3	0	0.52	0.48	False
4KU3	1	0.38	0.62	True
4KU3	2	0.85	0.15	False
4KU3	3	1.00	0.00	False
4KU3	4	1.00	0.00	False
4KVL	0	0.99	0.01	False
4KVL	1	1.00	0.00	False
4KVL	2	0.91	0.09	False
4KVL	3	1.00	0.00	False
4KVL	4	1.00	0.00	False
4KVL	5	0.98	0.02	False
4KVL	6	0.08	0.92	True
4L8U	0	0.68	0.32	False
4L8U	1	0.72	0.28	False
4L8U	2	0.12	0.88	True
4L8U	3	1.00	0.00	False
4L8U	4	0.34	0.66	True
4L8U	5	0.26	0.74	True
4L8U	6	0.13	0.87	True
4L8U	7	0.96	0.04	False
4L8U	8	1.00	0.00	False
4L8U	9	1.00	0.00	False
4MFQ	0	0.27	0.73	True
4MFQ	1	0.98	0.02	False
4MFQ	2	0.99	0.01	False
4N03	0	0.09	0.91	True
4OGQ	0	0.28	0.72	True
4OGQ	1	0.51	0.49	False
4OGQ	2	0.01	0.99	True
4OGQ	3	0.58	0.42	False
4OGQ	4	0.58	0.42	False
4OGQ	5	0.88	0.12	False
4OGQ	6	1.00	0.00	False
4OGQ	7	1.00	0.00	False
4OGQ	8	0.96	0.04	False
4OGQ	9	0.44	0.56	True
4RC8	0	0.03	0.97	True
4TKB	0	0.03	0.97	True
4TLG	0	0.00	1.00	True
4TLG	1	0.98	0.02	False
4TLG	2	1.00	0.00	False
4TLG	3	0.93	0.07	False
4TLG	4	1.00	0.00	False
4WM8	0	0.11	0.89	True
4WM8	1	0.99	0.01	False
4WM8	2	1.00	0.00	False
4WM8	3	1.00	0.00	False
4WM8	4	1.00	0.00	False
4WM8	5	1.00	0.00	False
4WM8	6	1.00	0.00	False
4WW3	0	0.97	0.03	False
4WW3	1	1.00	0.00	False
4WW3	2	0.90	0.10	False
4XCP	0	0.11	0.89	True
4XCP	1	0.88	0.12	False
4XCP	2	0.09	0.91	True
4XDJ	0	1.00	0.00	False
4XDJ	10	0.90	0.10	False
4XDJ	11	1.00	0.00	False
4XDJ	1	0.03	0.97	True
4XDJ	2	1.00	0.00	False
4XDJ	3	0.92	0.08	False
4XDJ	4	0.89	0.11	False
4XDJ	5	1.00	0.00	False
4XDJ	6	1.00	0.00	False
4XDJ	7	1.00	0.00	False
4XDJ	8	1.00	0.00	False
4XDJ	9	0.90	0.10	False
4XU6	0	0.77	0.23	False
4ZV5	0	0.01	0.99	True
5A1S	0	1.00	0.00	False
5A1S	1	0.00	1.00	True
5A1S	2	1.00	0.00	False
5A1S	3	0.34	0.66	True
5A1S	4	1.00	0.00	False
5A1S	5	0.93	0.07	False
5A1S	6	1.00	0.00	False
5AOC	0	0.93	0.07	False
5AOC	1	1.00	0.00	False
5AZB	0	0.07	0.93	True
5AZB	1	1.00	0.00	False
5AZB	2	0.69	0.31	False
5AZB	3	0.77	0.23	False
5AZP	0	1.00	0.00	False
5AZP	10	0.98	0.02	False
5AZP	11	1.00	0.00	False
5AZP	1	1.00	0.00	False
5AZP	2	0.76	0.24	False
5AZP	3	0.99	0.01	False
5AZP	4	0.87	0.13	False
5AZP	5	0.99	0.01	False
5AZP	6	1.00	0.00	False
5AZP	7	0.95	0.05	False
5AZP	8	0.98	0.02	False
5AZP	9	0.95	0.05	False
5B2N	0	0.76	0.24	False
5BWO	0	0.63	0.37	False
5BWO	1	1.00	0.00	False
5BWO	2	0.89	0.11	False
5C8C	0	0.41	0.59	True
5C8C	1	1.00	0.00	False
5C8C	2	0.04	0.96	True
5C8C	3	0.96	0.04	False
5C8C	4	1.00	0.00	False
5C8C	5	1.00	0.00	False
5C8C	6	0.99	0.01	False
5CA6	0	0.04	0.96	True
5CWE	0	0.52	0.48	False
5CWE	10	0.99	0.01	False
5CWE	1	0.43	0.57	True
5CWE	2	0.00	1.00	True
5CWE	3	0.00	1.00	True
5CWE	4	0.92	0.08	False
5CWE	5	1.00	0.00	False
5CWE	6	1.00	0.00	False
5CWE	7	1.00	0.00	False
5CWE	8	0.98	0.02	False
5CWE	9	1.00	0.00	False
5D1W	0	0.01	0.99	True
5D1W	1	0.04	0.96	True
5D1W	2	1.00	0.00	False
5D1W	3	0.98	0.02	False
5DIC	0	0.07	0.93	True
5DIC	1	0.99	0.01	False
5DIC	2	0.32	0.68	True
5DIC	3	1.00	0.00	False
5E7X	0	0.00	1.00	True
5E7X	1	0.85	0.15	False
5EJZ	0	0.44	0.56	True
5EJZ	10	1.00	0.00	False
5EJZ	11	1.00	0.00	False
5EJZ	12	0.77	0.23	False
5EJZ	13	1.00	0.00	False
5EJZ	14	1.00	0.00	False
5EJZ	15	0.99	0.01	False
5EJZ	16	1.00	0.00	False
5EJZ	17	1.00	0.00	False
5EJZ	18	1.00	0.00	False
5EJZ	19	1.00	0.00	False
5EJZ	1	0.55	0.45	False
5EJZ	20	1.00	0.00	False
5EJZ	21	0.96	0.04	False
5EJZ	2	1.00	0.00	False
5EJZ	3	0.75	0.25	False
5EJZ	4	1.00	0.00	False
5EJZ	5	1.00	0.00	False
5EJZ	6	1.00	0.00	False
5EJZ	7	1.00	0.00	False
5EJZ	8	1.00	0.00	False
5EJZ	9	0.88	0.12	False
5EZU	0	0.00	1.00	True
5FVN	0	1.00	0.00	False
5FVN	1	0.24	0.76	True
5FVN	2	1.00	0.00	False
5FVN	3	1.00	0.00	False
5FVN	4	1.00	0.00	False
5FVN	5	1.00	0.00	False
5GP9	0	0.03	0.97	True
5GP9	1	0.09	0.91	True
5GP9	2	1.00	0.00	False
5GP9	3	0.43	0.57	True
5GP9	4	0.93	0.07	False
5GP9	5	1.00	0.00	False
5H1Z	0	0.09	0.91	True
5H1Z	1	1.00	0.00	False
5H1Z	2	1.00	0.00	False
5IJI	0	0.87	0.13	False
5JSI	0	0.16	0.84	True
5JSI	1	0.50	0.50	True
5JSI	2	0.30	0.70	True
5JSI	3	0.06	0.94	True
5JSI	4	1.00	0.00	False
5JSI	5	0.38	0.62	True
5KNK	0	0.91	0.09	False
5KNK	1	0.94	0.06	False
5KNK	2	0.33	0.67	True
5KP2	0	0.88	0.12	False
5KP2	1	0.39	0.61	True
5KP2	2	0.37	0.63	True
5KP2	3	1.00	0.00	False
5KP2	4	0.97	0.03	False
5KP2	5	1.00	0.00	False
5KP2	6	1.00	0.00	False
5KP2	7	1.00	0.00	False
5KP2	8	1.00	0.00	False
5LDV	0	1.00	0.00	False
5LDV	1	0.97	0.03	False
5LDV	2	1.00	0.00	False
5LDV	3	1.00	0.00	False
5LGD	0	1.00	0.00	False
5LGD	1	1.00	0.00	False
5LGD	2	0.93	0.07	False
5LGD	3	0.29	0.71	True
5LGD	4	0.80	0.20	False
5LGD	5	1.00	0.00	False
5LJG	0	0.02	0.98	True
5M0P	0	0.01	0.99	True
5NCC	0	1.00	0.00	False
5NCC	1	0.17	0.83	True
5NCC	2	1.00	0.00	False
5NU2	0	0.00	1.00	True
5O0T	0	0.16	0.84	True
5O0T	1	0.74	0.26	False
5O0T	2	0.84	0.16	False
5O0T	3	0.53	0.47	False
5U0L	0	0.29	0.71	True
5U0L	1	0.60	0.40	False
5U0L	2	0.81	0.19	False
5U0L	3	0.98	0.02	False
5U0L	4	1.00	0.00	False
5U0L	5	0.97	0.03	False
5U0L	6	0.71	0.29	False
5U0L	7	0.98	0.02	False
5U0L	8	1.00	0.00	False
5UC9	0	0.96	0.04	False
5UC9	1	0.12	0.88	True
5UC9	2	1.00	0.00	False
5UXY	0	0.04	0.96	True
5UXY	1	1.00	0.00	False
5V7P	0	0.21	0.79	True
5V7P	1	0.91	0.09	False
5V7P	2	0.70	0.30	False
5V7P	3	0.18	0.82	True
5V7P	4	1.00	0.00	False
5V7P	5	0.98	0.02	False
5VRH	0	0.35	0.65	True
5VRH	1	1.00	0.00	False
5VRH	2	0.72	0.28	False
5VRH	3	0.95	0.05	False
5VRH	4	0.42	0.58	True
5W39	0	0.64	0.36	False
5W39	1	0.64	0.36	False
5W7D	0	0.01	0.99	True
5W7D	1	0.03	0.97	True
5W7D	2	1.00	0.00	False
5W7D	3	1.00	0.00	False
5W7D	4	1.00	0.00	False
5XDO	0	0.05	0.95	True
5XDO	1	1.00	0.00	False
5XDO	2	0.93	0.07	False
5XDO	3	1.00	0.00	False
5XDO	4	0.66	0.34	False
5XNA	0	0.06	0.94	True
5XNA	1	0.05	0.95	True
5YHJ	0	0.02	0.98	True
5YHJ	1	1.00	0.00	False
5YHJ	2	1.00	0.00	False
5YHJ	3	1.00	0.00	False
5YHJ	4	0.79	0.21	False
5YS3	0	1.00	0.00	False
5YS3	1	0.96	0.04	False
6AQ3	0	0.23	0.77	True
6AQ3	1	1.00	0.00	False
6AQ3	2	0.21	0.79	True
6BBA	0	0.83	0.17	False
6BBA	10	0.39	0.61	True
6BBA	11	0.92	0.08	False
6BBA	12	0.48	0.52	True
6BBA	13	0.48	0.52	True
6BBA	14	0.99	0.01	False
6BBA	15	1.00	0.00	False
6BBA	16	0.86	0.14	False
6BBA	17	0.94	0.06	False
6BBA	18	1.00	0.00	False
6BBA	19	1.00	0.00	False
6BBA	1	0.70	0.30	False
6BBA	20	1.00	0.00	False
6BBA	21	1.00	0.00	False
6BBA	22	0.98	0.02	False
6BBA	2	0.76	0.24	False
6BBA	3	0.48	0.52	True
6BBA	4	1.00	0.00	False
6BBA	5	0.48	0.52	True
6BBA	6	0.94	0.06	False
6BBA	7	0.40	0.60	True
6BBA	8	0.24	0.76	True
6BBA	9	0.81	0.19	False
6BMS	0	0.25	0.75	True
6BMS	1	0.58	0.42	False
6BMS	2	0.93	0.07	False
6BMS	3	0.94	0.06	False
6BPL	0	1.00	0.00	False
6BPL	10	0.99	0.01	False
6BPL	11	1.00	0.00	False
6BPL	12	1.00	0.00	False
6BPL	13	1.00	0.00	False
6BPL	14	0.99	0.01	False
6BPL	15	1.00	0.00	False
6BPL	16	1.00	0.00	False
6BPL	17	1.00	0.00	False
6BPL	18	1.00	0.00	False
6BPL	19	0.89	0.11	False
6BPL	1	0.60	0.40	False
6BPL	2	1.00	0.00	False
6BPL	3	1.00	0.00	False
6BPL	4	0.91	0.09	False
6BPL	5	0.77	0.23	False
6BPL	6	0.33	0.67	True
6BPL	7	0.85	0.15	False
6BPL	8	1.00	0.00	False
6BPL	9	0.72	0.28	False
6C93	0	0.03	0.97	True
6C93	1	0.80	0.20	False
6CQ9	0	1.00	0.00	False
6CQ9	1	0.39	0.61	True
6CQ9	2	0.07	0.93	True
6CQ9	3	0.80	0.20	False
6CQ9	4	0.81	0.19	False
6CQ9	5	0.65	0.35	False
6CQ9	6	0.99	0.01	False
6CQ9	7	0.64	0.36	False
6DY1	0	0.14	0.86	True
6DY1	1	0.48	0.52	True
6DY1	2	1.00	0.00	False
6DY1	3	1.00	0.00	False
6DY1	4	1.00	0.00	False
6DY1	5	1.00	0.00	False
6EIG	0	0.84	0.16	False
6EIG	1	0.70	0.30	False
6EIG	2	0.33	0.67	True
6EYU	0	0.09	0.91	True
6EYU	1	0.30	0.70	True
6EYU	2	0.29	0.71	True
6EYU	3	0.23	0.77	True
6EYU	4	0.29	0.71	True
6EYU	5	0.08	0.92	True
6EYU	6	0.29	0.71	True
6EYU	7	0.30	0.70	True
6EYU	8	0.44	0.56	True
6F6M	0	0.03	0.97	True
6F6M	1	0.02	0.98	True
6F6M	2	0.94	0.06	False
6F6M	3	0.94	0.06	False
6F6M	4	0.88	0.12	False
6GEI	0	0.85	0.15	False
6GEI	1	0.02	0.98	True
6GEI	2	1.00	0.00	False
1EH5	0	0.39	0.61	True
1EH5	1	1.00	0.00	False
1EH5	2	1.00	0.00	False
1EH5	3	0.06	0.94	True
1EH5	4	0.12	0.88	True
1EH5	5	1.00	0.00	False
1EH5	6	0.96	0.04	False
1EH5	7	1.00	0.00	False
1EH5	8	1.00	0.00	False
1EK4	0	0.00	1.00	True
1EK4	10	0.95	0.05	False
1EK4	11	0.90	0.10	False
1EK4	12	0.99	0.01	False
1EK4	13	1.00	0.00	False
1EK4	14	1.00	0.00	False
1EK4	1	1.00	0.00	False
1EK4	2	0.08	0.92	True
1EK4	3	1.00	0.00	False
1EK4	4	1.00	0.00	False
1EK4	5	1.00	0.00	False
1EK4	6	1.00	0.00	False
1EK4	7	1.00	0.00	False
1EK4	8	1.00	0.00	False
1EK4	9	1.00	0.00	False
1PZX	0	0.02	0.98	True
1PZX	1	0.86	0.14	False
1PZX	2	1.00	0.00	False
1PZX	3	1.00	0.00	False
1PZX	4	1.00	0.00	False
1PZX	5	1.00	0.00	False
1PZX	6	1.00	0.00	False
1TED	0	0.00	1.00	True
1TED	10	1.00	0.00	False
1TED	11	1.00	0.00	False
1TED	12	1.00	0.00	False
1TED	13	1.00	0.00	False
1TED	14	1.00	0.00	False
1TED	15	1.00	0.00	False
1TED	16	1.00	0.00	False
1TED	17	0.97	0.03	False
1TED	18	0.98	0.02	False
1TED	19	1.00	0.00	False
1TED	1	1.00	0.00	False
1TED	20	1.00	0.00	False
1TED	21	1.00	0.00	False
1TED	22	1.00	0.00	False
1TED	23	0.38	0.62	True
1TED	24	1.00	0.00	False
1TED	25	1.00	0.00	False
1TED	26	1.00	0.00	False
1TED	2	0.00	1.00	True
1TED	3	1.00	0.00	False
1TED	4	1.00	0.00	False
1TED	5	1.00	0.00	False
1TED	6	1.00	0.00	False
1TED	7	1.00	0.00	False
1TED	8	1.00	0.00	False
1TED	9	1.00	0.00	False
1UK8	0	0.19	0.81	True
1UK8	1	1.00	0.00	False
1UK8	2	1.00	0.00	False
1UK8	3	1.00	0.00	False
1UK8	4	1.00	0.00	False
1UK8	5	1.00	0.00	False
1XVP	0	0.01	0.99	True
1XVP	10	1.00	0.00	False
1XVP	11	1.00	0.00	False
1XVP	12	0.99	0.01	False
1XVP	13	1.00	0.00	False
1XVP	14	1.00	0.00	False
1XVP	15	0.85	0.15	False
1XVP	16	1.00	0.00	False
1XVP	17	1.00	0.00	False
1XVP	18	1.00	0.00	False
1XVP	19	1.00	0.00	False
1XVP	1	0.09	0.91	True
1XVP	20	1.00	0.00	False
1XVP	21	1.00	0.00	False
1XVP	22	1.00	0.00	False
1XVP	23	1.00	0.00	False
1XVP	24	1.00	0.00	False
1XVP	25	1.00	0.00	False
1XVP	26	1.00	0.00	False
1XVP	27	1.00	0.00	False
1XVP	2	0.69	0.31	False
1XVP	3	1.00	0.00	False
1XVP	4	1.00	0.00	False
1XVP	5	1.00	0.00	False
1XVP	6	0.84	0.16	False
1XVP	7	1.00	0.00	False
1XVP	8	1.00	0.00	False
1XVP	9	1.00	0.00	False
2IWZ	0	0.00	1.00	True
2IWZ	10	1.00	0.00	False
2IWZ	11	1.00	0.00	False
2IWZ	12	1.00	0.00	False
2IWZ	13	1.00	0.00	False
2IWZ	14	1.00	0.00	False
2IWZ	15	1.00	0.00	False
2IWZ	16	1.00	0.00	False
2IWZ	17	0.98	0.02	False
2IWZ	18	1.00	0.00	False
2IWZ	19	1.00	0.00	False
2IWZ	1	1.00	0.00	False
2IWZ	20	1.00	0.00	False
2IWZ	21	1.00	0.00	False
2IWZ	22	1.00	0.00	False
2IWZ	23	1.00	0.00	False
2IWZ	24	1.00	0.00	False
2IWZ	25	1.00	0.00	False
2IWZ	2	1.00	0.00	False
2IWZ	3	1.00	0.00	False
2IWZ	4	0.04	0.96	True
2IWZ	5	1.00	0.00	False
2IWZ	6	1.00	0.00	False
2IWZ	7	1.00	0.00	False
2IWZ	8	1.00	0.00	False
2IWZ	9	1.00	0.00	False
2IX4	0	0.02	0.98	True
2IX4	10	1.00	0.00	False
2IX4	11	1.00	0.00	False
2IX4	12	1.00	0.00	False
2IX4	13	1.00	0.00	False
2IX4	14	1.00	0.00	False
2IX4	15	1.00	0.00	False
2IX4	16	1.00	0.00	False
2IX4	17	1.00	0.00	False
2IX4	18	1.00	0.00	False
2IX4	19	1.00	0.00	False
2IX4	1	0.01	0.99	True
2IX4	20	1.00	0.00	False
2IX4	21	1.00	0.00	False
2IX4	22	1.00	0.00	False
2IX4	23	1.00	0.00	False
2IX4	24	1.00	0.00	False
2IX4	25	1.00	0.00	False
2IX4	26	1.00	0.00	False
2IX4	27	1.00	0.00	False
2IX4	2	1.00	0.00	False
2IX4	3	1.00	0.00	False
2IX4	4	1.00	0.00	False
2IX4	5	1.00	0.00	False
2IX4	6	1.00	0.00	False
2IX4	7	1.00	0.00	False
2IX4	8	0.89	0.11	False
2IX4	9	1.00	0.00	False
2PFC	0	0.07	0.93	True
2PFC	1	0.93	0.07	False
2PFC	2	1.00	0.00	False
2PFC	3	1.00	0.00	False
2QHS	0	0.01	0.99	True
2QHS	1	0.91	0.09	False
2QHS	2	1.00	0.00	False
2QHS	3	1.00	0.00	False
2QHS	4	1.00	0.00	False
2QHS	5	1.00	0.00	False
2QHS	6	1.00	0.00	False
3A7A	0	0.29	0.71	True
3A7A	10	1.00	0.00	False
3A7A	11	1.00	0.00	False
3A7A	12	1.00	0.00	False
3A7A	13	1.00	0.00	False
3A7A	14	1.00	0.00	False
3A7A	15	1.00	0.00	False
3A7A	16	1.00	0.00	False
3A7A	17	1.00	0.00	False
3A7A	18	1.00	0.00	False
3A7A	19	1.00	0.00	False
3A7A	1	1.00	0.00	False
3A7A	20	1.00	0.00	False
3A7A	21	1.00	0.00	False
3A7A	22	1.00	0.00	False
3A7A	2	1.00	0.00	False
3A7A	3	1.00	0.00	False
3A7A	4	1.00	0.00	False
3A7A	5	1.00	0.00	False
3A7A	6	1.00	0.00	False
3A7A	7	1.00	0.00	False
3A7A	8	0.96	0.04	False
3A7A	9	1.00	0.00	False
3NYI	0	0.18	0.82	True
3NYI	10	1.00	0.00	False
3NYI	1	1.00	0.00	False
3NYI	2	1.00	0.00	False
3NYI	3	0.92	0.08	False
3NYI	4	1.00	0.00	False
3NYI	5	1.00	0.00	False
3NYI	6	1.00	0.00	False
3NYI	7	0.99	0.01	False
3NYI	8	1.00	0.00	False
3NYI	9	1.00	0.00	False
3OCJ	0	0.14	0.86	True
3OCJ	1	0.64	0.36	False
3OCJ	2	0.91	0.09	False
3OCJ	3	0.98	0.02	False
3OCJ	4	1.00	0.00	False
3OCJ	5	1.00	0.00	False
3OCJ	6	1.00	0.00	False
3OCJ	7	1.00	0.00	False
3OCJ	8	0.98	0.02	False
3OCJ	9	0.98	0.02	False
3PL5	0	0.01	0.99	True
3PL5	1	0.97	0.03	False
3PL5	2	1.00	0.00	False
3PL5	3	1.00	0.00	False
3PL5	4	1.00	0.00	False
3PL5	5	1.00	0.00	False
3PL5	6	1.00	0.00	False
3PL5	7	1.00	0.00	False
3QLM	0	0.11	0.89	True
3QLM	1	0.95	0.05	False
3TZY	0	1.00	0.00	False
3TZY	10	1.00	0.00	False
3TZY	11	1.00	0.00	False
3TZY	12	0.95	0.05	False
3TZY	13	1.00	0.00	False
3TZY	14	1.00	0.00	False
3TZY	1	0.84	0.16	False
3TZY	2	0.80	0.20	False
3TZY	3	1.00	0.00	False
3TZY	4	1.00	0.00	False
3TZY	5	1.00	0.00	False
3TZY	6	1.00	0.00	False
3TZY	7	1.00	0.00	False
3TZY	8	1.00	0.00	False
3TZY	9	1.00	0.00	False
3U9Q	0	0.94	0.06	False
3U9Q	1	0.77	0.23	False
3U9Q	2	0.13	0.87	True
3U9Q	3	1.00	0.00	False
3U9Q	4	1.00	0.00	False
3U9Q	5	1.00	0.00	False
3U9Q	6	1.00	0.00	False
3U9Q	7	1.00	0.00	False
3V2N	0	1.00	0.00	False
3V2N	1	0.95	0.05	False
3V2N	2	0.38	0.62	True
3V2N	3	0.08	0.92	True
3V2N	4	0.80	0.20	False
3V2N	5	1.00	0.00	False
4A2N	0	0.13	0.87	True
4A2N	1	1.00	0.00	False
4A2N	2	0.90	0.10	False
4A2N	3	0.89	0.11	False
4A2N	4	1.00	0.00	False
4C6H	0	0.00	1.00	True
4C6H	1	1.00	0.00	False
4C6H	2	0.37	0.63	True
4C6H	3	1.00	0.00	False
4C6H	4	1.00	0.00	False
4HYJ	0	0.93	0.07	False
4HYJ	1	1.00	0.00	False
4HYJ	2	0.66	0.34	False
4HYJ	3	1.00	0.00	False
4HYJ	4	1.00	0.00	False
4HYJ	5	1.00	0.00	False
4HYJ	6	0.80	0.20	False
4HYJ	7	0.99	0.01	False
4HYJ	8	0.32	0.68	True
4MND	0	1.00	0.00	False
4MND	10	0.93	0.07	False
4MND	11	1.00	0.00	False
4MND	12	0.99	0.01	False
4MND	13	1.00	0.00	False
4MND	14	0.92	0.08	False
4MND	15	1.00	0.00	False
4MND	16	1.00	0.00	False
4MND	17	0.32	0.68	True
4MND	18	1.00	0.00	False
4MND	19	1.00	0.00	False
4MND	1	0.96	0.04	False
4MND	2	1.00	0.00	False
4MND	3	1.00	0.00	False
4MND	4	1.00	0.00	False
4MND	5	0.93	0.07	False
4MND	6	1.00	0.00	False
4MND	7	1.00	0.00	False
4MND	8	1.00	0.00	False
4MND	9	0.94	0.06	False
4Q95	0	0.00	1.00	True
4Q95	1	0.01	0.99	True
4Q95	2	1.00	0.00	False
4Q95	3	0.15	0.85	True
4Q95	4	1.00	0.00	False
4Q95	5	0.97	0.03	False
4Q95	6	1.00	0.00	False
4Q95	7	1.00	0.00	False
4Q95	8	0.97	0.03	False
4RPM	0	0.01	0.99	True
4RPM	10	1.00	0.00	False
4RPM	11	1.00	0.00	False
4RPM	12	1.00	0.00	False
4RPM	13	1.00	0.00	False
4RPM	14	1.00	0.00	False
4RPM	15	1.00	0.00	False
4RPM	16	0.98	0.02	False
4RPM	17	1.00	0.00	False
4RPM	18	1.00	0.00	False
4RPM	19	1.00	0.00	False
4RPM	1	1.00	0.00	False
4RPM	2	1.00	0.00	False
4RPM	3	1.00	0.00	False
4RPM	4	0.43	0.57	True
4RPM	5	1.00	0.00	False
4RPM	6	1.00	0.00	False
4RPM	7	1.00	0.00	False
4RPM	8	1.00	0.00	False
4RPM	9	1.00	0.00	False
4RSC	0	1.00	0.00	False
4RSC	10	1.00	0.00	False
4RSC	11	1.00	0.00	False
4RSC	12	1.00	0.00	False
4RSC	13	1.00	0.00	False
4RSC	14	1.00	0.00	False
4RSC	15	1.00	0.00	False
4RSC	16	1.00	0.00	False
4RSC	17	1.00	0.00	False
4RSC	18	1.00	0.00	False
4RSC	19	1.00	0.00	False
4RSC	1	0.00	1.00	True
4RSC	20	1.00	0.00	False
4RSC	21	1.00	0.00	False
4RSC	22	1.00	0.00	False
4RSC	23	1.00	0.00	False
4RSC	24	1.00	0.00	False
4RSC	25	1.00	0.00	False
4RSC	26	1.00	0.00	False
4RSC	27	1.00	0.00	False
4RSC	28	1.00	0.00	False
4RSC	2	0.02	0.98	True
4RSC	3	1.00	0.00	False
4RSC	4	1.00	0.00	False
4RSC	5	1.00	0.00	False
4RSC	6	1.00	0.00	False
4RSC	7	0.98	0.02	False
4RSC	8	1.00	0.00	False
4RSC	9	1.00	0.00	False
4S0X	0	1.00	0.00	False
4S0X	10	1.00	0.00	False
4S0X	11	1.00	0.00	False
4S0X	12	1.00	0.00	False
4S0X	13	0.47	0.53	True
4S0X	14	0.96	0.04	False
4S0X	15	1.00	0.00	False
4S0X	16	1.00	0.00	False
4S0X	17	0.98	0.02	False
4S0X	18	1.00	0.00	False
4S0X	19	1.00	0.00	False
4S0X	1	0.56	0.44	False
4S0X	20	1.00	0.00	False
4S0X	21	1.00	0.00	False
4S0X	22	1.00	0.00	False
4S0X	2	0.63	0.37	False
4S0X	3	1.00	0.00	False
4S0X	4	1.00	0.00	False
4S0X	5	1.00	0.00	False
4S0X	6	1.00	0.00	False
4S0X	7	1.00	0.00	False
4S0X	8	1.00	0.00	False
4S0X	9	1.00	0.00	False
4RW5	0	0.56	0.44	False
4RW5	10	1.00	0.00	False
4RW5	11	0.76	0.24	False
4RW5	12	1.00	0.00	False
4RW5	13	1.00	0.00	False
4RW5	1	1.00	0.00	False
4RW5	2	0.82	0.18	False
4RW5	3	1.00	0.00	False
4RW5	4	1.00	0.00	False
4RW5	5	0.97	0.03	False
4RW5	6	0.94	0.06	False
4RW5	7	0.78	0.22	False
4RW5	8	1.00	0.00	False
4RW5	9	0.63	0.37	False
4XRF	0	1.00	0.00	False
4XRF	10	0.80	0.20	False
4XRF	11	0.38	0.62	True
4XRF	1	0.99	0.01	False
4XRF	2	0.96	0.04	False
4XRF	3	0.74	0.26	False
4XRF	4	1.00	0.00	False
4XRF	5	0.90	0.10	False
4XRF	6	1.00	0.00	False
4XRF	7	1.00	0.00	False
4XRF	8	0.93	0.07	False
4XRF	9	0.51	0.49	False
4YFA	0	1.00	0.00	False
4YFA	10	1.00	0.00	False
4YFA	11	1.00	0.00	False
4YFA	12	1.00	0.00	False
4YFA	13	1.00	0.00	False
4YFA	14	1.00	0.00	False
4YFA	15	1.00	0.00	False
4YFA	16	1.00	0.00	False
4YFA	17	0.98	0.02	False
4YFA	18	1.00	0.00	False
4YFA	19	1.00	0.00	False
4YFA	1	1.00	0.00	False
4YFA	20	1.00	0.00	False
4YFA	21	1.00	0.00	False
4YFA	22	1.00	0.00	False
4YFA	23	1.00	0.00	False
4YFA	24	1.00	0.00	False
4YFA	25	1.00	0.00	False
4YFA	26	1.00	0.00	False
4YFA	27	1.00	0.00	False
4YFA	28	1.00	0.00	False
4YFA	29	1.00	0.00	False
4YFA	2	1.00	0.00	False
4YFA	30	1.00	0.00	False
4YFA	31	1.00	0.00	False
4YFA	32	1.00	0.00	False
4YFA	33	1.00	0.00	False
4YFA	34	1.00	0.00	False
4YFA	35	1.00	0.00	False
4YFA	36	1.00	0.00	False
4YFA	37	1.00	0.00	False
4YFA	38	0.99	0.01	False
4YFA	39	1.00	0.00	False
4YFA	3	0.31	0.69	True
4YFA	40	1.00	0.00	False
4YFA	41	1.00	0.00	False
4YFA	42	1.00	0.00	False
4YFA	43	1.00	0.00	False
4YFA	44	1.00	0.00	False
4YFA	4	1.00	0.00	False
4YFA	5	1.00	0.00	False
4YFA	6	0.50	0.50	False
4YFA	7	1.00	0.00	False
4YFA	8	1.00	0.00	False
4YFA	9	1.00	0.00	False
4ZR1	0	0.95	0.05	False
4ZR1	1	0.17	0.83	True
4ZR1	2	0.09	0.91	True
4ZR1	3	1.00	0.00	False
4ZR1	4	0.73	0.27	False
4ZR1	5	1.00	0.00	False
4ZR1	6	1.00	0.00	False
4ZR1	7	1.00	0.00	False
4ZR1	8	0.98	0.02	False
4ZR1	9	0.98	0.02	False
5D91	0	1.00	0.00	False
5D91	10	1.00	0.00	False
5D91	1	1.00	0.00	False
5D91	2	1.00	0.00	False
5D91	3	0.98	0.02	False
5D91	4	0.19	0.81	True
5D91	5	0.09	0.91	True
5D91	6	1.00	0.00	False
5D91	7	0.90	0.10	False
5D91	8	0.15	0.85	True
5D91	9	1.00	0.00	False
5HCN	0	0.00	1.00	True
5HCN	1	1.00	0.00	False
5HCN	2	1.00	0.00	False
5HCN	3	0.99	0.01	False
5HCN	4	0.67	0.33	False
5HCN	5	0.99	0.01	False
5HCN	6	1.00	0.00	False
5HCN	7	0.63	0.37	False
5HCN	8	1.00	0.00	False
5HCN	9	0.46	0.54	True
5UWZ	0	0.06	0.94	True
5UWZ	1	0.09	0.91	True
5UWZ	2	1.00	0.00	False
5UWZ	3	1.00	0.00	False
5UWZ	4	0.83	0.17	False
5UWZ	5	1.00	0.00	False
5UWZ	6	1.00	0.00	False
5UWZ	7	1.00	0.00	False
5UWZ	8	1.00	0.00	False
5UWZ	9	1.00	0.00	False
6A94	0	0.95	0.05	False
6A94	10	0.99	0.01	False
6A94	11	0.52	0.48	False
6A94	12	1.00	0.00	False
6A94	13	1.00	0.00	False
6A94	1	0.96	0.04	False
6A94	2	1.00	0.00	False
6A94	3	0.99	0.01	False
6A94	4	0.95	0.05	False
6A94	5	0.89	0.11	False
6A94	6	0.33	0.67	True
6A94	7	1.00	0.00	False
6A94	8	1.00	0.00	False
6A94	9	0.62	0.38	False
6BML	0	0.20	0.80	True
6BML	10	1.00	0.00	False
6BML	11	1.00	0.00	False
6BML	12	1.00	0.00	False
6BML	13	1.00	0.00	False
6BML	14	1.00	0.00	False
6BML	15	0.98	0.02	False
6BML	16	1.00	0.00	False
6BML	17	1.00	0.00	False
6BML	18	0.82	0.18	False
6BML	19	1.00	0.00	False
6BML	1	0.24	0.76	True
6BML	20	1.00	0.00	False
6BML	21	1.00	0.00	False
6BML	22	1.00	0.00	False
6BML	2	0.93	0.07	False
6BML	3	1.00	0.00	False
6BML	4	1.00	0.00	False
6BML	5	1.00	0.00	False
6BML	6	1.00	0.00	False
6BML	7	1.00	0.00	False
6BML	8	1.00	0.00	False
6BML	9	1.00	0.00	False
3WVA	0	0.98	0.02	False
4CP6	0	1.00	0.00	False
4CP6	1	1.00	0.00	False
4PQD	0	1.00	0.00	False
4QLP	0	1.00	0.00	False
4QLP	1	0.99	0.01	False
4QLP	2	0.95	0.05	False
4QLP	3	0.83	0.17	False
4QLP	4	1.00	0.00	False
4R8X	0	0.95	0.05	False
4R8X	10	1.00	0.00	False
4R8X	1	0.96	0.04	False
4R8X	2	1.00	0.00	False
4R8X	3	1.00	0.00	False
4R8X	4	1.00	0.00	False
4R8X	5	1.00	0.00	False
4R8X	6	1.00	0.00	False
4R8X	7	1.00	0.00	False
4R8X	8	1.00	0.00	False
4R8X	9	1.00	0.00	False
4RAX	0	1.00	0.00	False
4RAX	1	0.99	0.01	False
4RGY	0	0.48	0.52	True
4RXV	0	0.99	0.01	False
4RZ9	0	0.96	0.04	False
4RZ9	1	0.98	0.02	False
4RZ9	2	1.00	0.00	False
4UUL	0	0.81	0.19	False
4UUL	1	1.00	0.00	False
4UUL	2	1.00	0.00	False
4UUL	3	1.00	0.00	False
4UUL	4	1.00	0.00	False
4UUL	5	1.00	0.00	False
4UUL	6	0.32	0.68	True
4UUL	7	1.00	0.00	False
4UUL	8	0.98	0.02	False
4UWW	0	0.61	0.39	False
4W98	0	0.97	0.03	False
4WDC	0	0.99	0.01	False
4X9R	0	0.23	0.77	True
4X9R	1	1.00	0.00	False
4XEH	0	0.73	0.27	False
4XEH	1	0.89	0.11	False
4XEH	2	0.83	0.17	False
4Y1W	0	0.86	0.14	False
4Y2F	0	0.92	0.08	False
4YEC	0	0.99	0.01	False
4YME	0	0.88	0.12	False
4YNH	0	1.00	0.00	False
4YTK	0	0.90	0.10	False
4YTK	1	1.00	0.00	False
4YTW	0	0.12	0.88	True
4YTW	1	0.70	0.30	False
4YTW	2	0.91	0.09	False
4YTW	3	1.00	0.00	False
4YTW	4	1.00	0.00	False
4ZM7	0	1.00	0.00	False
4ZOT	0	0.98	0.02	False
5ARM	0	0.99	0.01	False
5AVG	0	0.94	0.06	False
5AVH	0	0.95	0.05	False
5AVH	1	0.69	0.31	False
5AVH	2	0.83	0.17	False
5B08	0	0.71	0.29	False
5BTW	0	0.99	0.01	False
5BTW	1	0.88	0.12	False
5BTY	0	0.99	0.01	False
5C98	0	0.95	0.05	False
5DAZ	0	0.88	0.12	False
5DMD	0	1.00	0.00	False
5E1W	0	0.88	0.12	False
5E1W	1	0.97	0.03	False
5E1W	2	0.47	0.53	True
5EHA	0	0.99	0.01	False
5EJ3	0	0.80	0.20	False
5EJ3	1	0.93	0.07	False
5G51	0	1.00	0.00	False
5G5C	0	0.75	0.25	False
5G5C	1	0.98	0.02	False
5GT5	0	1.00	0.00	False
5GT5	1	1.00	0.00	False
5GT5	2	1.00	0.00	False
5GYC	0	0.83	0.17	False
5GYC	1	1.00	0.00	False
5GYC	2	1.00	0.00	False
5H1N	0	0.99	0.01	False
5H7T	0	1.00	0.00	False
5H9K	0	0.87	0.13	False
5HOC	0	0.92	0.08	False
5HOC	1	0.77	0.23	False
5I32	0	0.81	0.19	False
5I45	0	0.99	0.01	False
5I4I	0	1.00	0.00	False
5I4I	1	1.00	0.00	False
5I4I	2	1.00	0.00	False
5I5N	0	1.00	0.00	False
5ID8	0	0.74	0.26	False
5ID8	1	1.00	0.00	False
5IHS	0	1.00	0.00	False
5IHW	0	0.99	0.01	False
5IHW	1	0.74	0.26	False
5II6	0	1.00	0.00	False
5IJM	0	0.99	0.01	False
5ISV	0	0.68	0.32	False
5ITM	0	0.97	0.03	False
5ITM	1	0.96	0.04	False
5ITQ	0	0.46	0.54	True
5ITQ	1	1.00	0.00	False
5JO8	0	1.00	0.00	False
5JQN	0	0.92	0.08	False
5LF9	0	0.99	0.01	False
5MBQ	0	0.98	0.02	False
5MFI	0	1.00	0.00	False
5MFI	1	1.00	0.00	False
5MFI	2	0.99	0.01	False
5MFI	3	0.97	0.03	False
5MPV	0	0.95	0.05	False
5MUK	0	1.00	0.00	False
5MUK	1	1.00	0.00	False
5N4B	0	1.00	0.00	False
5N4B	1	0.49	0.51	True
5N4B	2	1.00	0.00	False
5N4B	3	1.00	0.00	False
5N4B	4	0.72	0.28	False
5N8B	0	1.00	0.00	False
5N8B	1	1.00	0.00	False
5N8B	2	0.92	0.08	False
5N8B	3	0.93	0.07	False
5N8B	4	1.00	0.00	False
5NOA	0	1.00	0.00	False
5NR4	0	0.98	0.02	False
5NT7	0	0.97	0.03	False
5NT7	1	0.98	0.02	False
5O29	0	0.98	0.02	False
5O29	1	0.97	0.03	False
5O29	2	0.85	0.15	False
5O29	3	0.98	0.02	False
5O95	0	0.85	0.15	False
5O95	1	0.98	0.02	False
5O95	2	0.90	0.10	False
5O95	3	1.00	0.00	False
5O95	4	1.00	0.00	False
5O95	5	1.00	0.00	False
5O95	6	1.00	0.00	False
5OJ5	0	0.99	0.01	False
5OJ5	1	1.00	0.00	False
5OXC	0	1.00	0.00	False
5OXC	1	0.98	0.02	False
5OXZ	0	1.00	0.00	False
5SUI	0	0.86	0.14	False
5SUI	1	1.00	0.00	False
5SUI	2	0.99	0.01	False
5SV2	0	1.00	0.00	False
5SXO	0	0.91	0.09	False
5TOQ	0	0.43	0.57	True
5TOQ	1	1.00	0.00	False
5TOQ	2	1.00	0.00	False
5TOQ	3	1.00	0.00	False
5TZ5	0	0.95	0.05	False
5TZ5	1	1.00	0.00	False
5TZ5	2	1.00	0.00	False
5TZ5	3	0.98	0.02	False
5U5O	0	0.85	0.15	False
5U5O	1	0.99	0.01	False
5UMP	0	0.92	0.08	False
5UMP	1	1.00	0.00	False
5VX1	0	0.99	0.01	False
5VX1	1	1.00	0.00	False
5VX1	2	0.91	0.09	False
5W1N	0	0.94	0.06	False
5W1N	1	1.00	0.00	False
5WSD	0	0.67	0.33	False
5XAV	0	1.00	0.00	False
5XAV	1	0.96	0.04	False
5XAV	2	0.72	0.28	False
5XAV	3	1.00	0.00	False
5XAV	4	1.00	0.00	False
5XAV	5	1.00	0.00	False
5XBC	0	0.33	0.67	True
5XBC	1	1.00	0.00	False
5XBU	0	1.00	0.00	False
5XBU	1	1.00	0.00	False
5XCY	0	0.95	0.05	False
5XCY	1	0.97	0.03	False
5YDE	0	0.91	0.09	False
5YKR	0	1.00	0.00	False
5YKR	1	0.98	0.02	False
5YKR	2	1.00	0.00	False
5YKR	3	1.00	0.00	False
5YKR	4	1.00	0.00	False
5YKR	5	1.00	0.00	False
5Z8P	0	0.25	0.75	True
5Z8P	1	0.59	0.41	False
6AT0	0	1.00	0.00	False
6AVX	0	0.98	0.02	False
6B9X	0	1.00	0.00	False
6B9X	1	0.99	0.01	False
6B9X	2	0.96	0.04	False
6B9X	3	0.94	0.06	False
6B9X	4	1.00	0.00	False
6BCD	0	0.99	0.01	False
6BIO	0	0.96	0.04	False
6BJJ	0	0.77	0.23	False
6BJJ	1	1.00	0.00	False
6BLM	0	0.97	0.03	False
6BLM	1	0.91	0.09	False
6CAF	0	1.00	0.00	False
6CAF	1	0.99	0.01	False
6CHX	0	0.96	0.04	False
6CHX	1	1.00	0.00	False
6DNM	0	0.81	0.19	False
6DNO	0	1.00	0.00	False
6DNO	1	0.88	0.12	False
6E28	0	1.00	0.00	False
6ELM	0	0.96	0.04	False
6F0Q	0	0.99	0.01	False
6F4I	0	0.98	0.02	False
6F54	0	0.51	0.49	False
6F54	1	1.00	0.00	False
6FC0	0	0.99	0.01	False
6FDG	0	0.77	0.23	False
6FDG	1	1.00	0.00	False
6FDG	2	1.00	0.00	False
6FDG	3	1.00	0.00	False
6FDG	4	1.00	0.00	False
6FDG	5	1.00	0.00	False
6FDG	6	1.00	0.00	False
6FDG	7	1.00	0.00	False
6FTH	0	1.00	0.00	False
6FTH	1	0.47	0.53	True
6FXD	0	0.97	0.03	False
6FXD	1	0.32	0.68	True
6FXD	2	0.88	0.12	False
6FXD	3	0.98	0.02	False
6GGP	0	0.95	0.05	False
6IBD	0	1.00	0.00	False
6IBD	1	1.00	0.00	False
6IBD	2	0.80	0.20	False
6NZS	0	0.87	0.13	False
