1adl	0	1
1adl	1	1
1aym	0	1
1aym	1	0
1aym	2	0
1aym	3	0
1aym	4	0
1aym	5	0
1aym	6	0
1aym	7	0
1aym	8	0
1aym	9	0
1aym	10	0
1aym	11	1
1aym	12	0
1aym	13	0
1aym	14	0
1aym	15	0
1aym	16	0
1aym	17	0
1aym	18	0
1aym	19	0
1aym	20	0
1ayn	0	1
1ayn	1	0
1ayn	2	0
1ayn	3	0
1ayn	4	0
1ayn	5	0
1ayn	6	0
1ayn	7	0
1ayn	8	0
1ayn	9	0
1ayn	10	0
1ayn	11	0
1ayn	12	0
1ayn	13	0
1ayn	14	1
1b0o	0	0
1b0o	1	1
1b56	0	1
1bev	0	1
1bev	1	0
1bev	2	0
1bev	3	0
1bev	4	0
1bgy	0	0
1bgy	1	0
1bgy	2	0
1bgy	3	0
1bgy	4	0
1bgy	5	0
1bgy	6	0
1bgy	7	0
1bgy	8	0
1bgy	9	0
1bgy	10	0
1bgy	11	0
1bgy	12	0
1bgy	13	0
1bgy	14	0
1bgy	15	0
1bgy	16	0
1bgy	17	0
1bgy	18	0
1bgy	19	0
1bgy	20	0
1bgy	21	0
1bgy	22	0
1bgy	23	0
1bgy	24	0
1bgy	25	0
1bgy	26	0
1bgy	27	0
1bgy	28	0
1bgy	29	0
1bgy	30	0
1bgy	31	0
1bgy	32	0
1bgy	33	0
1bgy	34	0
1bgy	35	0
1bgy	36	0
1bgy	37	0
1bgy	38	0
1bgy	39	0
1bgy	40	0
1bgy	41	0
1bgy	42	0
1bgy	43	0
1bgy	44	0
1bgy	45	0
1bgy	46	0
1bgy	47	0
1bgy	48	0
1bgy	49	0
1bgy	50	0
1bgy	51	0
1bgy	52	0
1bgy	53	0
1bgy	54	0
1bgy	55	0
1bgy	56	0
1bgy	57	0
1bgy	58	0
1bgy	59	0
1bgy	60	0
1bgy	61	0
1bgy	62	0
1bgy	63	0
1bgy	64	0
1bgy	65	0
1bgy	66	0
1bgy	67	0
1bgy	68	0
1bgy	69	0
1bgy	70	0
1bgy	71	0
1bgy	72	0
1bgy	73	0
1bgy	74	0
1bgy	75	0
1bgy	76	0
1bgy	77	0
1bgy	78	0
1bgy	79	0
1bgy	80	0
1bgy	81	0
1bgy	82	0
1bgy	83	0
1bgy	84	0
1bgy	85	0
1bgy	86	0
1bgy	87	0
1bgy	88	0
1bgy	89	0
1bgy	90	0
1bgy	91	0
1bgy	92	0
1bgy	93	0
1bgy	94	0
1bgy	95	0
1bgy	96	0
1bgy	97	0
1bgy	98	0
1bgy	99	0
1bgy	100	0
1bgy	101	0
1bgy	102	0
1bgy	103	0
1bgy	104	0
1bgy	105	0
1bgy	106	0
1bgy	107	0
1bgy	108	0
1bgy	109	0
1bgy	110	0
1bgy	111	0
1bgy	112	0
1bgy	113	0
1bgy	114	0
1bgy	115	0
1bgy	116	0
1bgy	117	0
1bgy	118	0
1bgy	119	0
1bgy	120	0
1bgy	121	0
1bgy	122	0
1bgy	123	0
1bgy	124	0
1bgy	125	0
1bgy	126	0
1bgy	127	0
1bgy	128	0
1bgy	129	0
1bgy	130	0
1bgy	131	0
1bgy	132	0
1bgy	133	0
1bgy	134	0
1bgy	135	0
1bgy	136	0
1bgy	137	0
1bgy	138	0
1bgy	139	0
1bgy	140	0
1bgy	141	0
1bgy	142	0
1bgy	143	0
1bgy	144	0
1bgy	145	0
1bgy	146	0
1bgy	147	0
1bgy	148	0
1bgy	149	0
1bgy	150	0
1bgy	151	0
1bgy	152	0
1bgy	153	0
1bj5	0	1
1bj5	1	1
1bj5	2	1
1bj5	3	1
1bj5	4	1
1bj5	5	0
1bj5	6	0
1bj5	7	0
1bj5	8	0
1bj5	9	0
1bj5	10	0
1bj5	11	0
1bj5	12	1
1bj5	13	0
1bj5	14	0
1bj5	15	0
1bj5	16	0
1bke	0	1
1bke	1	1
1bke	2	1
1bke	3	0
1bke	4	0
1bke	5	0
1bke	6	0
1bke	7	0
1bke	8	0
1bke	9	0
1bke	10	0
1bke	11	1
1cmk	0	1
1cmk	1	0
1cmk	2	0
1cmk	3	0
1cmk	4	0
1cmk	5	0
1cmk	6	0
1cmk	7	0
1cmk	8	1
1cmk	9	0
1cmk	10	0
1cmk	11	0
1cvu	0	1
1cvu	1	1
1cvu	2	0
1cvu	3	0
1cvu	4	0
1cvu	5	0
1cvu	6	0
1cvu	7	0
1cvu	8	0
1cvu	9	0
1cvu	10	0
1cvu	11	1
1cvu	12	0
1cvu	13	0
1cvu	14	0
1cvu	15	0
1cvu	16	0
1cvu	17	1
1cvu	18	0
1cvu	19	0
1cvu	20	0
1cvu	21	0
1cvu	22	0
1cvu	23	0
1cvu	24	0
1cvu	25	0
1cvu	26	0
1cvu	27	0
1cvu	28	0
1cvu	29	0
1diy	0	0
1diy	1	1
1diy	2	1
1diy	3	0
1diy	4	0
1diy	5	0
1diy	6	0
1diy	7	0
1e7c	0	1
1e7c	1	1
1e7c	2	0
1e7c	3	0
1e7c	4	0
1e7c	5	1
1e7c	6	0
1e7c	7	0
1e7c	8	0
1e7c	9	0
1e7c	10	1
1e7c	11	0
1e7c	12	1
1e7c	13	0
1e7c	14	0
1e7c	15	0
1e7c	16	1
1e7c	17	0
1e7c	18	0
1e7c	19	1
1e7f	0	1
1e7f	1	1
1e7f	2	1
1e7f	3	1
1e7f	4	0
1e7f	5	0
1e7f	6	0
1e7f	7	0
1e7f	8	0
1e7f	9	0
1e7f	10	1
1e7f	11	0
1e7f	12	0
1e7f	13	0
1e7g	0	1
1e7g	1	1
1e7g	2	1
1e7g	3	1
1e7g	4	1
1e7g	5	0
1e7g	6	0
1e7g	7	0
1e7g	8	1
1e7g	9	0
1e7g	10	1
1e7g	11	0
1e7g	12	1
1e7g	13	0
1e7g	14	1
1e7g	15	0
1e7g	16	0
1e7g	17	0
1e7g	18	0
1e7g	19	0
1e7h	0	1
1e7h	1	1
1e7h	2	1
1e7h	3	0
1e7h	4	0
1e7h	5	1
1e7h	6	0
1e7h	7	0
1e7h	8	1
1e7h	9	0
1e7h	10	0
1e7h	11	0
1e7h	12	0
1e7h	13	0
1e7h	14	0
1e7h	15	0
1e7h	16	1
1e7h	17	0
1e7h	18	0
1e7h	19	0
1e7h	20	1
1e7h	21	1
1e7i	0	1
1e7i	1	0
1e7i	2	1
1e7i	3	1
1e7i	4	1
1e7i	5	0
1e7i	6	0
1e7i	7	1
1e7i	8	0
1e7i	9	1
1e7i	10	0
1e7i	11	0
1ek4	0	1
1ek4	1	1
1ek4	2	1
1ek4	3	1
1ek4	4	1
1ek4	5	0
1ek4	6	0
1ek4	7	0
1ek4	8	0
1ek4	9	0
1ek4	10	0
1ek4	11	0
1ek4	12	0
1ek4	13	0
1ek4	14	0
1fag	0	1
1fag	1	1
1fag	2	1
1fag	3	1
1fag	4	0
1fag	5	1
1fag	6	0
1fag	7	0
1fag	8	0
1fag	9	0
1fag	10	0
1fag	11	0
1fag	12	0
1fag	13	0
1fag	14	0
1fag	15	0
1fag	16	0
1fag	17	1
1fag	18	0
1fag	19	0
1fag	20	0
1fag	21	0
1fag	22	0
1fag	23	0
1fag	24	0
1fag	25	1
1fag	26	0
1fag	27	1
1fag	28	0
1fe3	0	1
1fk1	0	1
1fk1	1	0
1fk1	2	0
1fk2	0	1
1fk3	0	1
1fk3	1	1
1fk4	0	1
1fk5	0	1
1fk5	1	0
1fk5	2	1
1fk6	0	1
1fk6	1	0
1g74	0	1
1g74	1	1
1gni	0	1
1gni	1	1
1gni	2	1
1gni	3	1
1gni	4	1
1gni	5	0
1gni	6	0
1gni	7	1
1gni	8	0
1gni	9	0
1gni	10	0
1gni	11	0
1gni	12	0
1gni	13	0
1gni	14	0
1gni	15	0
1gni	16	1
1gni	17	0
1gni	18	0
1gni	19	0
1gni	20	1
1gnj	0	1
1gnj	1	0
1gnj	2	1
1gnj	3	1
1gnj	4	1
1gnj	5	1
1gnj	6	0
1gnj	7	0
1gnj	8	0
1gnj	9	0
1gnj	10	0
1gnj	11	1
1gnj	12	0
1gnj	13	1
1gnj	14	0
1gnj	15	0
1gt6	0	0
1gt6	1	1
1gt6	2	1
1gt6	3	0
1gt6	4	0
1gt6	5	0
1gt6	6	0
1gxa	0	1
1gxa	1	0
1h9z	0	1
1h9z	1	0
1h9z	2	1
1h9z	3	1
1h9z	4	1
1h9z	5	1
1h9z	6	0
1h9z	7	0
1h9z	8	0
1h9z	9	1
1h9z	10	0
1h9z	11	0
1h9z	12	1
1h9z	13	0
1h9z	14	0
1h9z	15	0
1h9z	16	1
1h9z	17	0
1h9z	18	0
1h9z	19	0
1h9z	20	1
1ha2	0	1
1ha2	1	1
1ha2	2	1
1ha2	3	1
1ha2	4	0
1ha2	5	1
1ha2	6	0
1ha2	7	0
1ha2	8	1
1ha2	9	0
1ha2	10	0
1ha2	11	1
1ha2	12	0
1ha2	13	0
1ha2	14	0
1ha2	15	0
1ha2	16	0
1ha2	17	0
1ha2	18	1
1ha2	19	0
1ha2	20	0
1hk4	0	1
1hk4	1	1
1hk4	2	1
1hk4	3	1
1hk4	4	0
1hk4	5	1
1hk4	6	1
1hk4	7	0
1hk4	8	0
1hk4	9	0
1hk4	10	1
1hk4	11	0
1hk4	12	1
1hk4	13	0
1hk4	14	1
1hk4	15	0
1hk4	16	0
1hk4	17	0
1hk4	18	0
1hk5	0	1
1hk5	1	1
1hk5	2	1
1hk5	3	0
1hk5	4	0
1hk5	5	0
1hk5	6	0
1hk5	7	0
1hk5	8	0
1hk5	9	0
1hk5	10	0
1hk5	11	0
1hk5	12	1
1hk5	13	1
1hk5	14	0
1hms	0	1
1hms	1	1
1hmt	0	1
1hzp	0	0
1hzp	1	0
1hzp	2	0
1hzp	3	1
1hzp	4	1
1hzp	5	0
1hzp	6	0
1hzp	7	0
1hzp	8	0
1hzp	9	0
1hzp	10	0
1i94	0	0
1i94	1	0
1i94	2	0
1i94	3	0
1i94	4	0
1i94	5	0
1i94	6	0
1i94	7	0
1i94	8	0
1i94	9	0
1i94	10	0
1i94	11	0
1i94	12	0
1i94	13	0
1i94	14	0
1i94	15	0
1i94	16	0
1i94	17	0
1i94	18	0
1i94	19	0
1i94	20	0
1i94	21	0
1i94	22	0
1i94	23	0
1i94	24	0
1i94	25	0
1i94	26	0
1i94	27	0
1i94	28	0
1i94	29	0
1i94	30	0
1i94	31	0
1i94	32	0
1i94	33	0
1i94	34	0
1i94	35	0
1i94	36	0
1i94	37	0
1i94	38	0
1i94	39	0
1i94	40	0
1i94	41	0
1i94	42	0
1i94	43	0
1i94	44	0
1i94	45	0
1i94	46	0
1i94	47	0
1i94	48	0
1i94	49	0
1i94	50	0
1i94	51	0
1i94	52	0
1i94	53	0
1i94	54	0
1i94	55	0
1i94	56	0
1i94	57	0
1i94	58	0
1i94	59	0
1i94	60	0
1i94	61	0
1i94	62	0
1i94	63	0
1i94	64	0
1i94	65	0
1i94	66	0
1i94	67	0
1i94	68	0
1i94	69	0
1i94	70	0
1i94	71	0
1i94	72	0
1i94	73	0
1i94	74	0
1i94	75	0
1i94	76	0
1i94	77	0
1i94	78	0
1i94	79	0
1i94	80	0
1i94	81	0
1i94	82	0
1i94	83	0
1i94	84	0
1i94	85	0
1i94	86	0
1i94	87	0
1i94	88	0
1i94	89	0
1i94	90	0
1i94	91	0
1i94	92	0
1i94	93	0
1i94	94	0
1i94	95	0
1i94	96	0
1i94	97	0
1i94	98	0
1i94	99	0
1i94	100	0
1i94	101	0
1i94	102	0
1i94	103	0
1i94	104	0
1i94	105	0
1i94	106	0
1i94	107	0
1i94	108	0
1i94	109	0
1i94	110	0
1i94	111	0
1i94	112	0
1i94	113	0
1i94	114	0
1i94	115	0
1i94	116	0
1i94	117	0
1i94	118	0
1i94	119	0
1i94	120	0
1i94	121	0
1i94	122	0
1i94	123	0
1i94	124	0
1i94	125	0
1i94	126	0
1i94	127	0
1i94	128	0
1i94	129	0
1i94	130	0
1i94	131	0
1i94	132	0
1i94	133	0
1i94	134	0
1i94	135	0
1i94	136	0
1i94	137	0
1i94	138	0
1i94	139	0
1i94	140	0
1i94	141	0
1i94	142	0
1i94	143	0
1i94	144	0
1i94	145	0
1i94	146	0
1i94	147	0
1i94	148	0
1i94	149	0
1i94	150	0
1i94	151	0
1i94	152	0
1i94	153	0
1i94	154	0
1i94	155	0
1i94	156	0
1i94	157	0
1i94	158	0
1i94	159	0
1i94	160	0
1igz	0	1
1igz	1	0
1igz	2	1
1igz	3	0
1igz	4	1
1igz	5	1
1igz	6	0
1izl	0	0
1izl	1	0
1izl	2	0
1izl	3	0
1izl	4	0
1izl	5	0
1izl	6	0
1izl	7	0
1izl	8	0
1izl	9	0
1izl	10	0
1izl	11	0
1izl	12	0
1izl	13	0
1izl	14	0
1izl	15	0
1izl	16	0
1izl	17	0
1izl	18	0
1izl	19	0
1izl	20	0
1izl	21	0
1izl	22	0
1izl	23	0
1izl	24	0
1izl	25	0
1izl	26	0
1izl	27	0
1izl	28	0
1izl	29	0
1izl	30	0
1izl	31	0
1izl	32	0
1izl	33	0
1izl	34	0
1izl	35	0
1izl	36	0
1izl	37	0
1izl	38	0
1izl	39	0
1izl	40	0
1izl	41	0
1izl	42	0
1izl	43	0
1izl	44	0
1izl	45	0
1izl	46	0
1izl	47	0
1izl	48	0
1izl	49	0
1izl	50	0
1izl	51	0
1izl	52	0
1izl	53	0
1izl	54	0
1izl	55	0
1izl	56	0
1izl	57	0
1izl	58	0
1izl	59	0
1izl	60	0
1izl	61	0
1izl	62	0
1izl	63	0
1izl	64	0
1izl	65	0
1izl	66	0
1izl	67	0
1izl	68	0
1izl	69	0
1izl	70	0
1izl	71	0
1izl	72	0
1izl	73	0
1izl	74	0
1izl	75	0
1izl	76	0
1izl	77	0
1izl	78	0
1izl	79	0
1izl	80	0
1izl	81	0
1izl	82	0
1izl	83	0
1izl	84	0
1izl	85	0
1izl	86	0
1izl	87	0
1izl	88	0
1izl	89	0
1izl	90	0
1izl	91	0
1izl	92	0
1izl	93	0
1izl	94	0
1izl	95	0
1izl	96	0
1izl	97	0
1izl	98	0
1izl	99	0
1izl	100	0
1izl	101	0
1izl	102	0
1izl	103	0
1izl	104	0
1izl	105	0
1izl	106	0
1izl	107	0
1izl	108	0
1izl	109	0
1izl	110	0
1izl	111	0
1izl	112	0
1izl	113	0
1izl	114	0
1izl	115	0
1izl	116	0
1izl	117	0
1izl	118	0
1izl	119	0
1izl	120	0
1izl	121	0
1izl	122	0
1izl	123	0
1izl	124	0
1izl	125	0
1izl	126	0
1izl	127	0
1izl	128	0
1izl	129	0
1izl	130	0
1izl	131	0
1izl	132	0
1izl	133	0
1izl	134	0
1izl	135	0
1izl	136	0
1izl	137	0
1izl	138	0
1izl	139	0
1izl	140	0
1izl	141	0
1izl	142	0
1izl	143	0
1izl	144	0
1izl	145	0
1izl	146	0
1izl	147	0
1izl	148	0
1izl	149	0
1izl	150	0
1izl	151	0
1izl	152	0
1izl	153	0
1izl	154	0
1izl	155	0
1izl	156	0
1izl	157	0
1izl	158	0
1izl	159	0
1izl	160	0
1izl	161	0
1izl	162	0
1izl	163	0
1izl	164	0
1izl	165	0
1izl	166	0
1izl	167	0
1izl	168	0
1izl	169	0
1izl	170	0
1izl	171	0
1izl	172	0
1izl	173	0
1izl	174	0
1izl	175	0
1izl	176	0
1izl	177	0
1izl	178	0
1izl	179	0
1izl	180	0
1izl	181	0
1izl	182	0
1izl	183	0
1izl	184	0
1izl	185	0
1izl	186	0
1izl	187	0
1izl	188	0
1izl	189	0
1izl	190	0
1izl	191	0
1izl	192	0
1izl	193	0
1izl	194	0
1izl	195	0
1izl	196	0
1izl	197	0
1izl	198	0
1izl	199	0
1izl	200	0
1izl	201	0
1izl	202	0
1jtb	0	1
1jtb	1	1
1lfo	0	1
1lfo	1	1
1lid	0	1
1lie	0	1
1lie	1	1
1lif	0	1
1lif	1	1
1lv2	0	1
1lv2	1	0
1lv2	2	0
1lv2	3	0
1m7w	0	1
1m7w	1	0
1m7w	2	1
1m7w	3	0
1m7w	4	1
1m7w	5	1
1m7w	6	0
1m7w	7	1
1m7w	8	0
1m7w	9	0
1m7w	10	0
1m7w	11	0
1m7w	12	0
1m7w	13	0
1m7w	14	0
1m7w	15	0
1m7w	16	0
1m7w	17	1
1m7w	18	0
1m7w	19	0
1m7w	20	0
1m7w	21	0
1m7w	22	0
1m7w	23	0
1m7w	24	0
1m7w	25	0
1m7w	26	0
1ma0	0	0
1ma0	1	1
1ma0	2	0
1ma0	3	0
1ma0	4	0
1ma0	5	1
1ma0	6	0
1ma0	7	0
1ma0	8	0
1ma0	9	0
1ma0	10	0
1ma0	11	1
1ma0	12	0
1ma0	13	0
1ma0	14	1
1ngk	0	0
1ngk	1	0
1ngk	2	0
1ngk	3	0
1ngk	4	0
1ngk	5	0
1ngk	6	0
1ngk	7	0
1ngk	8	0
1ngk	9	0
1ngk	10	0
1ngk	11	0
1ngk	12	0
1ngk	13	0
1ngk	14	0
1ngk	15	0
1ngk	16	0
1ngk	17	0
1ngk	18	0
1ngk	19	0
1ngk	20	0
1ngk	21	0
1ngk	22	0
1ngk	23	0
1ngk	24	0
1ngk	25	0
1ngk	26	0
1ngk	27	0
1ngk	28	0
1ngk	29	0
1ngk	30	0
1ngk	31	0
1ngk	32	0
1ngk	33	0
1ngk	34	0
1ngk	35	0
1ngk	36	0
1ngk	37	0
1ngk	38	0
1ngk	39	0
1ngk	40	0
1ngk	41	0
1ngk	42	0
1ngk	43	0
1ngk	44	0
1ngk	45	0
1ngk	46	0
1ngk	47	0
1ngk	48	0
1ngk	49	0
1ngk	50	0
1ngk	51	0
1nwx	0	0
1nwx	1	0
1nwx	2	0
1nwx	3	0
1nwx	4	0
1nwx	5	0
1nwx	6	0
1nwx	7	0
1nwx	8	0
1nwx	9	0
1nwx	10	0
1nwx	11	0
1nwx	12	0
1nwx	13	0
1nwx	14	0
1nwx	15	0
1nwx	16	0
1nwx	17	0
1nwx	18	0
1nwx	19	0
1nwx	20	0
1nwx	21	0
1nwx	22	0
1nwx	23	0
1nwx	24	0
1nwx	25	0
1nwx	26	0
1nwx	27	0
1nwx	28	0
1nwx	29	0
1nwx	30	0
1nwx	31	0
1nwx	32	0
1nwx	33	0
1nwx	34	0
1nwx	35	0
1nwx	36	0
1nwx	37	0
1nwx	38	0
1nwx	39	0
1nwx	40	0
1nwx	41	0
1nwx	42	0
1nwx	43	0
1nwx	44	0
1nwx	45	0
1nwx	46	0
1nwx	47	0
1nwx	48	0
1nwx	49	0
1nwx	50	0
1nwx	51	0
1nwx	52	0
1nwx	53	0
1nwx	54	0
1nwx	55	0
1nwx	56	0
1nwx	57	0
1nwx	58	0
1nwx	59	0
1nwx	60	0
1nwx	61	0
1nwx	62	0
1nwx	63	0
1nwx	64	0
1nwx	65	0
1nwx	66	0
1nwx	67	0
1nwx	68	0
1nwx	69	0
1nwx	70	0
1nwx	71	0
1nwx	72	0
1nwx	73	0
1nwx	74	0
1nwx	75	0
1nwx	76	0
1nwx	77	0
1nwx	78	0
1nwx	79	0
1nwx	80	0
1nwx	81	0
1nwx	82	0
1nwx	83	0
1nwx	84	0
1nwx	85	0
1nwx	86	0
1nwx	87	0
1nwx	88	0
1nwx	89	0
1nwx	90	0
1nwx	91	0
1nwx	92	0
1nwx	93	0
1nwx	94	0
1nwx	95	0
1nwx	96	0
1nwx	97	0
1nwx	98	0
1nwx	99	0
1nwx	100	0
1nwx	101	0
1nwx	102	0
1nwx	103	0
1nwx	104	0
1nwx	105	0
1nwx	106	0
1nwx	107	0
1nwx	108	0
1nwx	109	0
1nwx	110	0
1nwx	111	0
1nwx	112	0
1nwx	113	0
1nwx	114	0
1nwx	115	0
1nwx	116	0
1nwx	117	0
1nwx	118	0
1nwx	119	0
1nwx	120	0
1nwx	121	0
1nwx	122	0
1nwx	123	0
1nwx	124	0
1nwx	125	0
1nwx	126	0
1nwx	127	0
1nwx	128	0
1nwx	129	0
1nwx	130	0
1nwx	131	0
1nwx	132	0
1nwx	133	0
1nwx	134	0
1nwx	135	0
1nwx	136	0
1nwx	137	0
1nwx	138	0
1nwx	139	0
1nwx	140	0
1nwx	141	0
1nwx	142	0
1nwx	143	0
1nwx	144	0
1nwx	145	0
1nwx	146	0
1nwx	147	0
1nwx	148	0
1nwx	149	0
1nwx	150	0
1nwx	151	0
1nwx	152	0
1nwx	153	0
1nwx	154	0
1nwx	155	0
1nwx	156	0
1nwx	157	0
1nwx	158	0
1nwx	159	0
1nwx	160	0
1nwx	161	0
1nwx	162	0
1nwx	163	0
1nwx	164	0
1nwx	165	0
1nwx	166	0
1nwx	167	0
1nwx	168	0
1nwx	169	0
1nwx	170	0
1nwx	171	0
1nwx	172	0
1nwx	173	0
1nwx	174	0
1nwx	175	0
1nwx	176	0
1nwx	177	0
1nwx	178	0
1nwx	179	0
1nwx	180	0
1nwx	181	0
1nwx	182	0
1nwx	183	0
1nwx	184	0
1nwx	185	0
1nwx	186	0
1nwx	187	0
1nwx	188	0
1nwx	189	0
1nwx	190	0
1nwx	191	0
1nwx	192	0
1nwx	193	0
1nwx	194	0
1nwx	195	0
1nwx	196	0
1nwx	197	0
1nwx	198	0
1nwx	199	0
1nwx	200	0
1nwx	201	0
1nwx	202	0
1nwx	203	0
1nwx	204	0
1nwx	205	0
1nwx	206	0
1nwx	207	0
1nwx	208	0
1nwx	209	0
1nwx	210	0
1nwx	211	0
1nwx	212	0
1nwx	213	0
1nwx	214	0
1nwx	215	0
1nwx	216	0
1nwx	217	0
1nwx	218	0
1nwx	219	0
1nwx	220	0
1nwx	221	0
1nwx	222	0
1nwx	223	0
1nwx	224	0
1nwx	225	0
1nwx	226	0
1nwx	227	0
1nwx	228	0
1nwx	229	0
1nwx	230	0
1nwx	231	0
1nwx	232	0
1nwx	233	0
1nwx	234	0
1nwx	235	0
1nwx	236	0
1nwx	237	0
1nwx	238	0
1nwx	239	0
1nwx	240	0
1nwx	241	0
1nwx	242	0
1nwx	243	0
1nwx	244	0
1nwx	245	0
1nwx	246	0
1nwx	247	0
1nwx	248	0
1nwx	249	0
1nwx	250	0
1nwx	251	0
1nwx	252	0
1nwx	253	0
1nwx	254	0
1nwx	255	0
1nwx	256	0
1nwx	257	0
1nwx	258	0
1nwx	259	0
1nwx	260	0
1nwx	261	0
1nwx	262	0
1nwx	263	0
1nwx	264	0
1nwx	265	0
1nwx	266	0
1nwx	267	0
1nwx	268	0
1nwx	269	0
1nwx	270	0
1nwx	271	0
1nwx	272	0
1nwx	273	0
1nwx	274	0
1nwx	275	0
1nwx	276	0
1nwx	277	0
1nwx	278	0
1nwx	279	0
1nwx	280	0
1nwx	281	0
1nwx	282	0
1nwx	283	0
1nwx	284	0
1nwx	285	0
1nwx	286	0
1nwx	287	0
1nwx	288	0
1nwx	289	0
1nwx	290	0
1nwx	291	0
1nwx	292	0
1nwx	293	0
1nwx	294	0
1nwx	295	0
1nwx	296	0
1nwx	297	0
1nwx	298	0
1nwx	299	0
1nwx	300	0
1nwx	301	0
1o8v	0	1
1o8v	1	0
1o8v	2	1
1o8v	3	0
1o9x	0	1
1o9x	1	0
1o9x	2	1
1o9x	3	1
1o9x	4	1
1o9x	5	1
1o9x	6	0
1o9x	7	0
1o9x	8	0
1o9x	9	1
1o9x	10	0
1o9x	11	0
1o9x	12	0
1o9x	13	0
1o9x	14	0
1o9x	15	0
1o9x	16	0
1pmp	0	0
1pmp	1	1
1pmp	2	1
1pmp	3	0
1pmp	4	1
1pmp	5	1
1pmp	6	0
1pmp	7	0
1rvv	0	0
1rvv	1	0
1rvv	2	0
1rvv	3	0
1rvv	4	0
1rvv	5	0
1rvv	6	0
1rvv	7	0
1rvv	8	0
1rvv	9	0
1rvv	10	0
1rvv	11	0
1rvv	12	0
1rvv	13	0
1rvv	14	0
1rvv	15	0
1rvv	16	0
1rvv	17	0
1rvv	18	0
1rvv	19	0
1rvv	20	0
1rvv	21	0
1rvv	22	0
1rvv	23	0
1rvv	24	0
1rvv	25	0
1rvv	26	0
1rvv	27	0
1rvv	28	0
1rvv	29	0
1rvv	30	0
1rvv	31	0
1rvv	32	0
1rvv	33	0
1rvv	34	0
1rvv	35	0
1rvv	36	0
1rvv	37	0
1rvv	38	0
1rvv	39	0
1rvv	40	0
1rvv	41	0
1rvv	42	0
1rvv	43	0
1rvv	44	0
1rvv	45	0
1rvv	46	0
1rvv	47	0
1rvv	48	0
1rvv	49	0
1rvv	50	0
1rvv	51	0
1rvv	52	0
1rvv	53	0
1rvv	54	0
1rvv	55	0
1rvv	56	0
1rvv	57	0
1rvv	58	0
1rvv	59	0
1rvv	60	0
1rvv	61	0
1rvv	62	0
1rvv	63	0
1rvv	64	0
1rvv	65	0
1rvv	66	0
1rvv	67	0
1rvv	68	0
1rvv	69	0
1rvv	70	0
1rvv	71	0
1rvv	72	0
1rvv	73	0
1rvv	74	0
1rvv	75	0
1rvv	76	0
1rvv	77	0
1rvv	78	0
1rvv	79	0
1rvv	80	0
1rvv	81	0
1rvv	82	0
1rvv	83	0
1rvv	84	0
1rvv	85	0
1rvv	86	0
1rvv	87	0
1rvv	88	0
1rvv	89	0
1rvv	90	0
1rvv	91	0
1rvv	92	0
1rvv	93	0
1rvv	94	0
1rvv	95	0
1rvv	96	0
1rvv	97	0
1rvv	98	0
1rvv	99	0
1rvv	100	0
1rvv	101	0
1rvv	102	0
1rvv	103	0
1rvv	104	0
1rvv	105	0
1s8g	0	1
1s8g	1	0
1s8g	2	1
1u67	0	1
1u67	1	1
1u67	2	0
1u67	3	0
1u67	4	0
1u67	5	0
1u9i	0	0
1u9i	1	0
1u9i	2	0
1u9i	3	0
1u9i	4	0
1u9i	5	0
1u9i	6	0
1u9i	7	0
1u9i	8	0
1u9i	9	0
1u9i	10	0
1u9i	11	0
1u9i	12	0
1u9i	13	0
1u9i	14	0
1u9i	15	0
1u9i	16	0
1u9i	17	0
1u9i	18	0
1u9i	19	0
1u9i	20	0
1u9i	21	0
1u9i	22	0
1u9i	23	0
1u9i	24	0
1u9i	25	0
1u9i	26	0
1u9i	27	0
1u9i	28	0
1u9i	29	0
1u9i	30	0
1u9i	31	0
1u9i	32	0
1u9i	33	0
1u9i	34	0
1u9i	35	0
1u9i	36	0
1u9i	37	0
1u9i	38	0
1u9i	39	0
1u9i	40	0
1u9i	41	0
1u9i	42	0
1u9i	43	0
1u9i	44	0
1u9i	45	0
1u9i	46	0
1u9i	47	0
1u9i	48	0
1u9i	49	0
1u9i	50	0
1u9i	51	0
1u9i	52	0
1u9i	53	0
1u9i	54	0
1u9i	55	0
1u9i	56	0
1u9i	57	0
1u9i	58	0
1u9i	59	0
1u9i	60	0
1u9i	61	0
1u9i	62	0
1u9i	63	0
1u9i	64	0
1u9i	65	0
1u9i	66	0
1u9i	67	0
1u9i	68	0
1u9i	69	0
1u9i	70	0
1u9i	71	0
1u9i	72	0
1u9i	73	0
1u9i	74	0
1u9i	75	0
1u9i	76	0
1u9i	77	0
1u9i	78	0
1u9i	79	0
1u9i	80	0
1u9i	81	0
1u9i	82	0
1u9i	83	0
1u9i	84	0
1u9i	85	0
1u9i	86	0
1u9i	87	0
1u9i	88	0
1utd	0	0
1utd	1	0
1utd	2	0
1utd	3	0
1utd	4	0
1utd	5	0
1utd	6	0
1utd	7	0
1utd	8	0
1utd	9	0
1utd	10	0
1utd	11	0
1utd	12	0
1utd	13	0
1utd	14	0
1utd	15	0
1utd	16	0
1utd	17	0
1utd	18	0
1utd	19	0
1utd	20	0
1utd	21	0
1utd	22	0
1utd	23	0
1utd	24	0
1utd	25	0
1utd	26	0
1utd	27	0
1utd	28	0
1utd	29	0
1utd	30	0
1utd	31	0
1utd	32	0
1utd	33	0
1utd	34	0
1utd	35	0
1utd	36	0
1utd	37	0
1utd	38	0
1utd	39	0
1utd	40	0
1utd	41	0
1utd	42	0
1utd	43	0
1utd	44	0
1utd	45	0
1uva	0	1
1uva	1	1
1uvc	0	1
1uvc	1	0
1uvc	2	0
1vyf	0	1
1vyg	0	1
1xxs	0	1
1xxs	1	1
1xxs	2	1
1xxs	3	1
1xxs	4	0
1zrt	0	0
1zrt	1	0
1zrt	2	0
1zrt	3	0
1zrt	4	0
1zrt	5	0
1zrt	6	0
1zrt	7	0
1zrt	8	0
1zrt	9	0
1zrt	10	0
1zrt	11	0
1zrt	12	0
1zrt	13	0
1zrt	14	0
1zrt	15	0
1zrt	16	0
1zrt	17	0
1zrt	18	0
1zrt	19	0
1zrt	20	0
1zrt	21	0
1zrt	22	0
1zrt	23	0
1zrt	24	0
1zrt	25	0
1zrt	26	0
1zrt	27	0
1zrt	28	0
1zrt	29	0
1zrt	30	0
1zrt	31	0
1zrt	32	0
1zrt	33	0
1zrt	34	0
1zrt	35	0
1zrt	36	0
1zrt	37	0
1zrt	38	0
1zrt	39	0
1zrt	40	0
1zrt	41	0
1zrt	42	0
1zrt	43	0
1zrt	44	0
1zrt	45	0
1zrt	46	0
1zrt	47	0
1zrt	48	0
1zrt	49	0
1zrt	50	0
1zrt	51	0
1zrt	52	0
1zrt	53	0
1zrt	54	0
1zrt	55	0
1zrt	56	0
1zrt	57	0
1zrt	58	0
1zrt	59	0
1zrt	60	0
1zrt	61	0
1zrt	62	0
1zrt	63	0
1zrt	64	0
2af9	0	0
2af9	1	1
2af9	2	1
2af9	3	1
2af9	4	1
2ag2	0	1
2ag2	1	1
2ag2	2	0
2ag2	3	0
2ag2	4	0
2ag2	5	0
2ag2	6	0
2ag2	7	0
2ag2	8	0
2ag2	9	0
2ag2	10	0
2ag2	11	1
2ag4	0	0
2ag4	1	0
2ag4	2	0
2ag4	3	0
2ag4	4	0
2ag4	5	0
2ag4	6	0
2ag4	7	0
2agc	0	0
2agc	1	0
2agc	2	1
2agc	3	0
2agc	4	1
2alg	0	1
2alg	1	1
2alg	2	0
2alg	3	0
2b5s	0	1
2b5s	1	1
2b5s	2	0
2b5s	3	1
2byo	0	1
2byx	0	1
2byx	1	1
2byx	2	1
2byx	3	1
2byx	4	1
2byx	5	0
2byx	6	0
2byx	7	0
2byx	8	0
2byx	9	0
2byx	10	0
2byx	11	0
2byx	12	0
2byz	0	1
2byz	1	1
2byz	2	1
2byz	3	1
2byz	4	0
2byz	5	0
2byz	6	0
2byz	7	0
2byz	8	0
2byz	9	0
2byz	10	0
2byz	11	0
2byz	12	0
2byz	13	1
2byz	14	0
2byz	15	0
2byz	16	0
2byz	17	0
2byz	18	0
2byz	19	0
2byz	20	0
2bz3	0	1
2bz3	1	1
2bz3	2	0
2bz3	3	1
2bz3	4	0
2bz3	5	1
2bz3	6	1
2bz3	7	1
2bz3	8	0
2bz3	9	0
2bz3	10	0
2bz3	11	0
2bz3	12	0
2bz3	13	0
2bz3	14	0
2bz3	15	0
2bz3	16	0
2bz3	17	0
2e9l	0	1
2e9l	1	0
2e9l	2	1
2e9l	3	1
2e9l	4	1
2e9l	5	0
2e9l	6	0
2e9l	7	0
2e9l	8	1
2e9l	9	0
2e9m	0	1
2e9m	1	0
2e9m	2	0
2e9m	3	0
2e9m	4	0
2e9m	5	0
2ev1	0	1
2ev1	1	1
2ev1	2	0
2ev1	3	0
2ev1	4	1
2ev1	5	0
2ev1	6	0
2ev2	0	1
2ev2	1	1
2ev2	2	0
2ev2	3	1
2ev2	4	0
2ev2	5	0
2ev2	6	0
2ev2	7	0
2ev2	8	0
2ev3	0	1
2ev3	1	1
2ev3	2	0
2ev3	3	0
2ev3	4	0
2ev3	5	0
2ev3	6	0
2ev3	7	0
2ev4	0	1
2ev4	1	1
2ev4	2	0
2ev4	3	1
2ev4	4	0
2ev4	5	0
2ev4	6	0
2ev4	7	0
2ev4	8	0
2ev4	9	0
2evl	0	1
2evl	1	0
2evl	2	0
2evl	3	0
2evl	4	0
2evl	5	0
2evl	6	0
2fik	0	1
2fik	1	0
2fik	2	0
2fik	3	0
2fik	4	0
2fik	5	0
2fik	6	0
2fik	7	1
2fik	8	0
2fjc	0	0
2fjc	1	0
2fjc	2	0
2fjc	3	0
2fjc	4	0
2fjc	5	0
2fjc	6	0
2fjc	7	0
2fjc	8	0
2fjc	9	0
2fjc	10	0
2fjc	11	0
2fjc	12	0
2fjc	13	0
2fjc	14	0
2fjc	15	0
2fjc	16	0
2fjc	17	0
2fjc	18	0
2fjc	19	0
2fjc	20	0
2fjc	21	0
2fjc	22	0
2fjc	23	0
2fjc	24	0
2fjc	25	0
2fjc	26	0
2fjc	27	0
2fjc	28	0
2fjc	29	0
2fjc	30	0
2fjc	31	0
2fjc	32	0
2fjc	33	0
2fjc	34	0
2fjc	35	0
2fjc	36	0
2fjc	37	0
2fjc	38	0
2fjc	39	0
2fjc	40	0
2fjc	41	0
2fjc	42	0
2fjc	43	0
2fjc	44	0
2fjc	45	0
2fjc	46	0
2fjc	47	0
2fjc	48	0
2fjc	49	0
2fjc	50	0
2fjc	51	0
2fjc	52	0
2fjc	53	0
2fjc	54	0
2fjc	55	0
2fjc	56	0
2fjc	57	0
2fjc	58	0
2fjc	59	0
2fjc	60	0
2fjc	61	0
2fjc	62	0
2fjc	63	0
2fjc	64	0
2fjc	65	0
2fjc	66	0
2fjc	67	0
2ftb	0	1
2ftb	1	0
2ftb	2	1
2gfy	0	1
2gfy	1	0
2gfy	2	0
2gfy	3	0
2gfy	4	0
2hmb	0	0
2hnx	0	1
2hnx	1	1
2ifb	0	1
2iu8	0	1
2iu8	1	0
2iu8	2	0
2iu8	3	0
2iu8	4	1
2iu8	5	0
2iu8	6	0
2iu8	7	0
2iu8	8	0
2iu8	9	0
2iu8	10	0
2iu8	11	0
2iu8	12	0
2iu8	13	0
2iu8	14	0
2iu8	15	1
2iu8	16	0
2iu8	17	0
2iu8	18	0
2iu8	19	1
2iu8	20	0
2iu9	0	1
2iu9	1	1
2iu9	2	0
2iu9	3	0
2iu9	4	0
2iu9	5	1
2iu9	6	0
2iu9	7	1
2iu9	8	0
2iu9	9	0
2iu9	10	0
2iu9	11	0
2iu9	12	0
2iu9	13	0
2iu9	14	0
2iu9	15	0
2iu9	16	0
2iu9	17	0
2iu9	18	1
2iu9	19	0
2iu9	20	0
2iu9	21	0
2iu9	22	0
2iu9	23	0
2iu9	24	0
2iu9	25	0
2iu9	26	1
2iu9	27	0
2iua	0	1
2iua	1	1
2iua	2	1
2iua	3	0
2iua	4	0
2iua	5	0
2iua	6	0
2iua	7	0
2iua	8	0
2iua	9	0
2iua	10	0
2iua	11	0
2iua	12	0
2iua	13	0
2iua	14	0
2iua	15	1
2iua	16	0
2iua	17	0
2iua	18	0
2iua	19	0
2iua	20	0
2iua	21	0
2iua	22	0
2iua	23	0
2ju8	0	1
2ju8	1	1
2ju8	2	0
2ju8	3	1
2ju8	4	1
2lbv	0	1
2lbv	1	1
2lbv	2	0
2lbv	3	1
2lbv	4	0
2lbv	5	0
2lkk	0	1
2ovd	0	1
2ovd	1	0
2ovd	2	1
2ovd	3	0
2ovd	4	1
2ovd	5	0
2ovd	6	0
2ovd	7	0
2ovd	8	0
2q9s	0	1
2qhd	0	1
2qhd	1	1
2qhd	2	1
2rgu	0	0
2rgu	1	0
2rgu	2	0
2rgu	3	0
2rgu	4	0
2rgu	5	0
2rgu	6	0
2rgu	7	0
2rgu	8	0
2rgu	9	0
2rgu	10	0
2rgu	11	0
2rgu	12	0
2rgu	13	0
2rgu	14	0
2rgu	15	0
2rgu	16	0
2rgu	17	0
2rgu	18	0
2rgu	19	0
2rgu	20	0
2rgu	21	0
2rgu	22	0
2rgu	23	0
2rgu	24	0
2rgu	25	0
2rgu	26	0
2rgu	27	0
2rgu	28	0
2rgu	29	0
2rgu	30	0
2rgu	31	0
2rgu	32	0
2rgu	33	0
2rgu	34	0
2rgu	35	0
2rgu	36	0
2rgu	37	0
2rgu	38	0
2rgu	39	0
2rgu	40	0
2uum	0	0
2uum	1	0
2uum	2	0
2uum	3	0
2uum	4	0
2uum	5	0
2uum	6	0
2uum	7	0
2uum	8	0
2uum	9	0
2uum	10	0
2uum	11	0
2uum	12	0
2uum	13	0
2uum	14	0
2uum	15	0
2uum	16	0
2uum	17	0
2uum	18	0
2uum	19	0
2uum	20	0
2uum	21	0
2uum	22	0
2uum	23	0
2uum	24	0
2uum	25	0
2uum	26	0
2uum	27	0
2uum	28	0
2uum	29	0
2uum	30	0
2uum	31	0
2uum	32	0
2uum	33	0
2uum	34	0
2uum	35	0
2uum	36	0
2uum	37	0
2uum	38	0
2uum	39	0
2uum	40	0
2uum	41	0
2uum	42	0
2uum	43	0
2uum	44	0
2uum	45	0
2uum	46	0
2uum	47	0
2uum	48	0
2uum	49	0
2uum	50	0
2uum	51	0
2uum	52	0
2uum	53	0
2uum	54	0
2uum	55	0
2uum	56	0
2uum	57	0
2uum	58	0
2uum	59	0
2uum	60	0
2uum	61	0
2uum	62	0
2uum	63	0
2uum	64	0
2uum	65	0
2uum	66	0
2uum	67	0
2uum	68	0
2uum	69	0
2uum	70	0
2uum	71	0
2uum	72	0
2uum	73	0
2uum	74	0
2uum	75	0
2uum	76	0
2uum	77	0
2uum	78	0
2uum	79	0
2uum	80	0
2uum	81	0
2uum	82	0
2uum	83	0
2uum	84	0
2uum	85	0
2uum	86	0
2uum	87	0
2uum	88	0
2uum	89	0
2uum	90	0
2uum	91	0
2uum	92	0
2uum	93	0
2uum	94	0
2uum	95	0
2uum	96	0
2uum	97	0
2uum	98	0
2uum	99	0
2uum	100	0
2uum	101	0
2uum	102	0
2uum	103	0
2uwh	0	1
2uwh	1	1
2uwh	2	1
2uwh	3	1
2uwh	4	1
2uwh	5	1
2uwh	6	0
2uwh	7	0
2uwh	8	0
2uwh	9	0
2uwh	10	0
2uwh	11	0
2uwh	12	0
2uwh	13	0
2uwh	14	0
2uwh	15	0
2uwh	16	0
2uwh	17	0
2uwh	18	0
2uwh	19	0
2uwh	20	0
2uwh	21	0
2uwh	22	0
2uwh	23	0
2uwh	24	0
2uwh	25	0
2uwh	26	0
2uwh	27	0
2uwh	28	0
2uwh	29	0
2uwh	30	0
2uwh	31	0
2uwh	32	0
2uwh	33	0
2uwh	34	0
2uwh	35	0
2uwh	36	0
2uwh	37	0
2uwh	38	0
2uwh	39	0
2uwh	40	0
2uwh	41	0
2uwh	42	0
2uwh	43	0
2uwh	44	0
2uwh	45	0
2uwh	46	0
2uwh	47	0
2uwh	48	0
2uwh	49	0
2uwh	50	0
2uwh	51	0
2uwh	52	0
2uwh	53	0
2uwh	54	0
2uwh	55	0
2uwh	56	0
2uwh	57	1
2uwh	58	0
2uwh	59	0
2uwh	60	0
2uwh	61	0
2uwh	62	0
2uwh	63	0
2uwh	64	0
2uwh	65	0
2wew	0	1
2wew	1	0
2wew	2	0
2wq9	0	1
2wq9	1	0
2wqa	0	1
2wqa	1	1
2wqa	2	0
2wqa	3	0
2wqa	4	0
2wqa	5	0
2wqa	6	0
2wqa	7	0
2wqa	8	0
2wqa	9	1
2wqa	10	0
2wqa	11	0
2wqa	12	0
2wqa	13	0
2wqa	14	0
2wqa	15	0
2wqa	16	0
2wqa	17	0
2wqa	18	0
2wqa	19	0
2wqa	20	0
2wqa	21	0
2wyb	0	1
2wyb	1	0
2wyb	2	0
2wyb	3	1
2wyb	4	0
2wyb	5	0
2wyb	6	0
2wyb	7	0
2wyb	8	0
2wyb	9	0
2wyb	10	0
2wyb	11	0
2wyb	12	0
2wyb	13	0
2wyb	14	0
2wyb	15	0
2wyd	0	1
2wyd	1	0
2wyd	2	0
2wyd	3	0
2wyd	4	1
2wyd	5	1
2wyd	6	0
2wyd	7	0
2wyd	8	0
2wyd	9	1
2wyd	10	0
2wyd	11	0
2wyd	12	0
2xsi	0	1
2xsi	1	1
2xsi	2	1
2xsi	3	1
2xsi	4	0
2xsi	5	0
2xsi	6	0
2xsi	7	1
2xsi	8	0
2xsi	9	0
2xsi	10	0
2xsi	11	0
2xsi	12	0
2xsi	13	0
2xsi	14	0
2xsi	15	0
2xsi	16	0
2xvv	0	1
2xvv	1	0
2xvv	2	1
2xvv	3	1
2xvv	4	1
2xvv	5	0
2xvv	6	1
2xvv	7	0
2xvv	8	0
2xvv	9	0
2xvv	10	0
2xvv	11	0
2xvv	12	0
2xvw	0	1
2xvw	1	1
2xvw	2	0
2xvw	3	1
2xvw	4	0
2xvw	5	0
2xvw	6	0
2xvw	7	0
2xvw	8	0
2xvw	9	0
2xvw	10	0
2xvw	11	0
2xvw	12	0
2xvw	13	0
2xvw	14	0
2xvw	15	0
3anp	0	0
3anp	1	0
3anp	2	0
3anp	3	0
3anp	4	0
3anp	5	1
3anp	6	0
3anp	7	0
3anp	8	0
3anp	9	0
3anp	10	0
3anp	11	0
3anp	12	0
3anp	13	0
3anp	14	0
3anp	15	0
3anp	16	0
3anp	17	0
3anp	18	0
3anp	19	0
3anp	20	0
3anp	21	0
3anp	22	0
3anp	23	0
3anp	24	0
3anp	25	0
3awm	0	1
3awm	1	0
3awm	2	0
3awm	3	0
3awm	4	0
3b18	0	1
3b18	1	0
3b18	2	0
3bfh	0	1
3bfh	1	1
3cx9	0	1
3cx9	1	1
3cx9	2	0
3cx9	3	0
3cx9	4	1
3cx9	5	0
3cx9	6	0
3cx9	7	0
3cx9	8	0
3cx9	9	0
3cx9	10	0
3cx9	11	0
3dbx	0	1
3dbx	1	0
3dbx	2	0
3dbx	3	0
3dbx	4	0
3dbx	5	0
3dbx	6	0
3ekd	0	1
3ekd	1	0
3ekd	2	0
3ekd	3	0
3ekd	4	0
3ekd	5	0
3ekd	6	0
3ekd	7	0
3ekd	8	0
3ekd	9	0
3ekd	10	0
3ekd	11	0
3ekd	12	0
3ekd	13	0
3ekd	14	0
3ekd	15	0
3ekd	16	0
3ekd	17	0
3eut	0	1
3eut	1	1
3eut	2	0
3eut	3	0
3eut	4	0
3eut	5	0
3eut	6	0
3eut	7	0
3eut	8	0
3eut	9	0
3eut	10	0
3eut	11	0
3eut	12	0
3eut	13	0
3eut	14	0
3eut	15	0
3eut	16	0
3eut	17	0
3eut	18	0
3eut	19	0
3eut	20	0
3eut	21	0
3eut	22	0
3eut	23	0
3eut	24	0
3eut	25	0
3eut	26	0
3eut	27	0
3eut	28	0
3eut	29	0
3eut	30	0
3eut	31	0
3eut	32	0
3eut	33	0
3eut	34	0
3fg4	0	0
3fg4	1	0
3fg4	2	1
3fg4	3	1
3fg4	4	0
3fg4	5	0
3fg4	6	0
3fg4	7	0
3fg4	8	0
3fg4	9	0
3fg4	10	0
3fg4	11	0
3fg4	12	0
3fg4	13	0
3fg4	14	1
3fg4	15	0
3fg4	16	0
3fg4	17	0
3fg4	18	0
3fg4	19	0
3fg4	20	0
3fg4	21	0
3fg4	22	0
3fg4	23	0
3fg4	24	0
3fg4	25	0
3fg4	26	0
3fg4	27	0
3fg4	28	0
3fg4	29	0
3fg4	30	0
3fg4	31	0
3fg4	32	0
3fg4	33	0
3fg4	34	0
3fg4	35	0
3fg4	36	0
3fg4	37	0
3fg4	38	0
3fg4	39	1
3fg4	40	0
3fg4	41	0
3fg4	42	0
3fg4	43	0
3fg4	44	0
3fg4	45	0
3fg4	46	0
3fg4	47	0
3fg4	48	0
3fg4	49	0
3fg4	50	0
3fg4	51	0
3fg4	52	0
3fg4	53	0
3fg4	54	0
3fg4	55	0
3fg4	56	0
3fg4	57	0
3fg4	58	0
3fg4	59	0
3fg4	60	0
3fg4	61	0
3fg4	62	0
3fg4	63	0
3fg4	64	0
3fg4	65	0
3fg4	66	0
3fg4	67	0
3fg4	68	0
3fg4	69	0
3fg4	70	0
3fg4	71	0
3fg4	72	0
3fg4	73	0
3fg4	74	0
3gbg	0	1
3gbg	1	0
3gbg	2	0
3gbg	3	0
3gbg	4	0
3gbg	5	0
3gwj	0	0
3gwj	1	0
3gwj	2	0
3gwj	3	0
3gwj	4	0
3gwj	5	0
3gwj	6	0
3gwj	7	0
3gwj	8	0
3gwj	9	0
3gwj	10	0
3gwj	11	0
3gwj	12	0
3gwj	13	0
3gwj	14	0
3gwj	15	0
3gwj	16	0
3gwj	17	0
3gwj	18	0
3gwj	19	0
3gwj	20	0
3gwj	21	0
3gwj	22	0
3gwj	23	0
3gwj	24	0
3gwj	25	0
3gwj	26	0
3gwj	27	0
3gwj	28	0
3gwj	29	0
3gwj	30	0
3gwj	31	0
3gwj	32	0
3gwj	33	0
3gwj	34	0
3gwj	35	0
3gwj	36	0
3gwj	37	0
3gwj	38	0
3gwj	39	0
3gwj	40	0
3gwj	41	0
3gwj	42	0
3gwj	43	0
3gwj	44	0
3gwj	45	0
3gwj	46	0
3gwj	47	0
3gwj	48	0
3gwj	49	0
3gwj	50	0
3gwj	51	0
3gwj	52	0
3gwj	53	0
3gwj	54	0
3gwj	55	0
3gwj	56	0
3gwj	57	0
3gwj	58	0
3gwj	59	0
3gwj	60	0
3gwj	61	0
3gwj	62	0
3gwj	63	0
3gwj	64	0
3gwj	65	0
3gwj	66	0
3gwj	67	0
3gwj	68	0
3gwj	69	0
3gwj	70	0
3gwj	71	0
3gwj	72	0
3gwj	73	0
3gwj	74	0
3gwj	75	0
3gwj	76	0
3gwj	77	0
3gwj	78	0
3gwj	79	0
3gwj	80	0
3gwj	81	0
3gwj	82	0
3gwj	83	0
3gwj	84	0
3gwj	85	0
3gwj	86	0
3gwj	87	0
3gwj	88	0
3gwj	89	0
3gwj	90	0
3gwj	91	0
3gwj	92	0
3gwj	93	0
3gwj	94	0
3gwj	95	0
3gwj	96	0
3gwj	97	0
3gwj	98	0
3gwj	99	0
3gwj	100	0
3gwj	101	0
3gwj	102	0
3gwj	103	0
3gwj	104	0
3gwj	105	0
3gwj	106	0
3gwj	107	0
3gwj	108	0
3gwj	109	0
3gwj	110	0
3gwj	111	0
3gwj	112	0
3gwj	113	0
3gwj	114	0
3gwj	115	0
3gwj	116	0
3gwj	117	0
3gwj	118	0
3gwj	119	0
3gwj	120	0
3gwj	121	0
3gwj	122	0
3gwj	123	0
3gwj	124	0
3gwj	125	0
3gwj	126	0
3gwj	127	0
3gwj	128	0
3gwj	129	0
3gwj	130	0
3gwj	131	0
3gwj	132	0
3gwj	133	0
3gwj	134	0
3gwj	135	0
3gwj	136	0
3gwj	137	0
3gwj	138	0
3gwj	139	0
3gwj	140	0
3gwj	141	0
3gwj	142	0
3gwj	143	0
3gwj	144	0
3gwj	145	0
3gwj	146	0
3gwj	147	0
3gwj	148	0
3gwj	149	0
3hs5	0	1
3hs5	1	1
3hs5	2	0
3hs5	3	0
3hs5	4	1
3hs5	5	0
3hs5	6	1
3hs5	7	0
3hs5	8	0
3hs5	9	0
3hs5	10	0
3hs5	11	0
3hs5	12	0
3hs5	13	0
3hs5	14	0
3hs5	15	0
3hs5	16	1
3hs5	17	0
3hs5	18	0
3hs5	19	0
3hs5	20	0
3hs5	21	0
3hs5	22	0
3hs5	23	0
3hs5	24	0
3hs5	25	0
3hs5	26	0
3hs5	27	0
3hs5	28	0
3hs5	29	0
3hs5	30	0
3hs5	31	0
3hs5	32	0
3hs5	33	0
3iyd	0	0
3iyd	1	0
3iyd	2	0
3iyd	3	0
3iyd	4	0
3iyd	5	0
3iyd	6	0
3iyd	7	0
3iyd	8	0
3iyd	9	0
3iyd	10	0
3iyd	11	0
3iyd	12	0
3iyd	13	0
3iyd	14	0
3iyd	15	0
3iyd	16	0
3iyd	17	0
3iyd	18	0
3iyd	19	0
3iyd	20	0
3iyd	21	0
3iyd	22	0
3iyd	23	0
3iyd	24	0
3iyd	25	0
3iyd	26	0
3iyd	27	0
3iyd	28	0
3iyd	29	0
3iyd	30	0
3iyd	31	0
3iyd	32	0
3iyd	33	0
3iyd	34	0
3iyd	35	0
3iyd	36	0
3iyd	37	0
3iyd	38	0
3iyd	39	0
3iyd	40	0
3iyd	41	0
3iyd	42	0
3iyd	43	0
3iyd	44	0
3iyd	45	0
3iyd	46	0
3iyd	47	0
3iyd	48	0
3iyd	49	0
3iyd	50	0
3iyd	51	0
3iyd	52	0
3iyd	53	0
3iyd	54	0
3iyd	55	0
3iyd	56	0
3iyd	57	0
3iyd	58	0
3iyd	59	0
3iyd	60	0
3iyd	61	0
3iyd	62	0
3iyd	63	0
3iyd	64	0
3iyd	65	0
3iyd	66	0
3iyd	67	0
3iyd	68	0
3iyd	69	0
3iyd	70	0
3iyd	71	0
3iyd	72	0
3iyd	73	0
3iyd	74	0
3iyd	75	0
3iyd	76	0
3iyd	77	0
3iyd	78	0
3iyd	79	0
3iyd	80	0
3iyd	81	0
3iyd	82	0
3iyd	83	0
3iyd	84	0
3iyd	85	0
3iyd	86	0
3iyd	87	0
3iyd	88	0
3iyd	89	0
3iyd	90	0
3iyd	91	0
3iyd	92	0
3iyd	93	0
3iyd	94	0
3iyd	95	0
3iyd	96	0
3iyd	97	0
3iyd	98	0
3iyd	99	0
3iyd	100	0
3iyd	101	0
3iyd	102	0
3iyd	103	0
3iyd	104	0
3iyd	105	0
3iyd	106	0
3iyd	107	0
3iyd	108	0
3iyd	109	0
3iyd	110	0
3iyd	111	0
3iyd	112	0
3iyd	113	0
3iyd	114	0
3iyd	115	0
3iyd	116	0
3iyd	117	0
3iyd	118	0
3iyd	119	0
3iyd	120	0
3iyd	121	0
3iyd	122	0
3iyd	123	0
3iyd	124	0
3iyd	125	0
3iyd	126	0
3iyd	127	0
3iyd	128	0
3iyd	129	0
3iyd	130	0
3iyd	131	0
3iyd	132	0
3iyd	133	0
3iyd	134	0
3iyd	135	0
3iyd	136	0
3iyd	137	0
3iyd	138	0
3iyd	139	0
3iyd	140	0
3iyd	141	0
3iyd	142	0
3iyd	143	0
3iyd	144	0
3iyd	145	0
3iyd	146	0
3iyd	147	0
3iyd	148	0
3iyd	149	0
3iyd	150	0
3iyd	151	0
3iyd	152	0
3iyd	153	0
3iyd	154	0
3iyd	155	0
3iyd	156	0
3iyd	157	0
3iyd	158	0
3iyd	159	0
3iyd	160	0
3iyd	161	0
3iyd	162	0
3iyd	163	0
3iyd	164	0
3iyd	165	0
3iyd	166	0
3iyd	167	0
3iyd	168	0
3iyd	169	0
3iyd	170	0
3iyd	171	0
3iyd	172	0
3iyd	173	0
3iyd	174	0
3iyd	175	0
3iyd	176	0
3iyd	177	0
3iyd	178	0
3iyd	179	0
3iyd	180	0
3iyd	181	0
3iyd	182	0
3iyd	183	0
3iyd	184	0
3iyd	185	0
3iyd	186	0
3iyd	187	0
3iyd	188	0
3iyd	189	0
3iyd	190	0
3iyd	191	0
3iyd	192	0
3iyd	193	0
3iyd	194	0
3iyd	195	0
3iyd	196	0
3iyd	197	0
3iyd	198	0
3iyd	199	0
3iyd	200	0
3iyd	201	0
3iyd	202	0
3iyd	203	0
3iyd	204	0
3iyd	205	0
3iyd	206	0
3iyd	207	0
3iyd	208	0
3iyd	209	0
3iyd	210	0
3iyd	211	0
3iyd	212	0
3iyd	213	0
3iyd	214	0
3iyd	215	0
3iyd	216	0
3iyd	217	0
3iyd	218	0
3iyd	219	0
3iyd	220	0
3iyd	221	0
3iyd	222	0
3krk	0	0
3krk	1	0
3krk	2	1
3krk	3	1
3krk	4	1
3krk	5	1
3krk	6	0
3krk	7	1
3krk	8	0
3krk	9	0
3krk	10	0
3krk	11	0
3krk	12	0
3krk	13	0
3krk	14	0
3krk	15	0
3krk	16	0
3krk	17	0
3krk	18	0
3krk	19	0
3krk	20	0
3krk	21	0
3krk	22	0
3krk	23	0
3krk	24	0
3krk	25	0
3krk	26	1
3krk	27	0
3krk	28	0
3krk	29	0
3krk	30	0
3krk	31	0
3krk	32	0
3krk	33	0
3l1n	0	1
3l1n	1	0
3mlm	0	1
3mlm	1	1
3mlm	2	0
3mlm	3	1
3mt6	0	0
3mt6	1	0
3mt6	2	0
3mt6	3	0
3mt6	4	0
3mt6	5	0
3mt6	6	0
3mt6	7	0
3mt6	8	0
3mt6	9	0
3mt6	10	0
3mt6	11	0
3mt6	12	0
3mt6	13	0
3mt6	14	0
3mt6	15	0
3mt6	16	0
3mt6	17	0
3mt6	18	0
3mt6	19	0
3mt6	20	0
3mt6	21	0
3mt6	22	0
3mt6	23	0
3mt6	24	0
3mt6	25	0
3mt6	26	0
3mt6	27	0
3mt6	28	0
3mt6	29	0
3mt6	30	0
3mt6	31	0
3mt6	32	0
3mt6	33	0
3mt6	34	0
3mt6	35	0
3mt6	36	0
3mt6	37	0
3mt6	38	0
3mt6	39	0
3mt6	40	0
3mt6	41	0
3mt6	42	0
3mt6	43	0
3mt6	44	0
3mt6	45	0
3mt6	46	0
3mt6	47	0
3mt6	48	0
3mt6	49	0
3mt6	50	0
3mt6	51	0
3mt6	52	0
3mt6	53	0
3mt6	54	0
3mt6	55	0
3mt6	56	0
3mt6	57	0
3mt6	58	0
3mt6	59	0
3mt6	60	0
3mt6	61	0
3mt6	62	0
3mt6	63	0
3mt6	64	0
3mt6	65	0
3mt6	66	0
3mt6	67	0
3mt6	68	0
3mt6	69	0
3mt6	70	0
3mt6	71	0
3mt6	72	0
3mt6	73	0
3mt6	74	0
3mt6	75	0
3mt6	76	0
3mt6	77	0
3mt6	78	0
3mt6	79	0
3mt6	80	0
3mt6	81	0
3mt6	82	0
3mt6	83	0
3mt6	84	0
3mt6	85	0
3mt6	86	0
3mt6	87	0
3mt6	88	0
3mt6	89	0
3mt6	90	0
3mt6	91	0
3mt6	92	0
3mt6	93	0
3mt6	94	0
3mt6	95	0
3mt6	96	0
3mt6	97	0
3mt6	98	0
3mt6	99	0
3mt6	100	0
3mt6	101	0
3mt6	102	0
3mt6	103	0
3mt6	104	0
3mt6	105	0
3mt6	106	0
3mt6	107	0
3mt6	108	0
3mt6	109	0
3mt6	110	0
3mt6	111	0
3mt6	112	0
3mt6	113	0
3mt6	114	0
3mt6	115	0
3mt6	116	0
3mt6	117	0
3mt6	118	0
3mt6	119	0
3mt6	120	0
3mt6	121	0
3mt6	122	0
3mt6	123	0
3mt6	124	0
3mt6	125	0
3mt6	126	0
3mt6	127	0
3mt6	128	0
3mt6	129	0
3mt6	130	0
3mt6	131	0
3mt6	132	0
3mt6	133	0
3mt6	134	0
3mt6	135	0
3mt6	136	0
3mt6	137	0
3mt6	138	0
3mt6	139	0
3mt6	140	0
3mt6	141	0
3mt6	142	0
3mt6	143	0
3mt6	144	0
3mt6	145	0
3mt6	146	0
3mt6	147	0
3mt6	148	0
3mt6	149	0
3mt6	150	0
3mt6	151	0
3mt6	152	0
3mt6	153	0
3mt6	154	0
3mt6	155	0
3mt6	156	0
3mt6	157	0
3mt6	158	0
3mt6	159	0
3mt6	160	0
3mt6	161	0
3mt6	162	0
3mt6	163	0
3mt6	164	0
3mt6	165	0
3mt6	166	0
3mt6	167	0
3mt6	168	0
3mt6	169	0
3mt6	170	0
3mt6	171	0
3mt6	172	0
3mt6	173	0
3mt6	174	0
3mt6	175	0
3mt6	176	0
3mt6	177	0
3mt6	178	0
3mt6	179	0
3mt6	180	0
3mt6	181	0
3mt6	182	0
3mt6	183	0
3mt6	184	0
3mt6	185	0
3mt6	186	0
3mt6	187	0
3mt6	188	0
3nyi	0	1
3nyi	1	0
3nyi	2	0
3nyi	3	0
3nyi	4	0
3nyi	5	1
3nyi	6	1
3nyi	7	0
3nyi	8	0
3nyi	9	0
3nyi	10	0
3nyi	11	0
3nyi	12	0
3nyi	13	0
3nyi	14	0
3nyi	15	0
3nyi	16	0
3nyi	17	0
3nyi	18	0
3nyi	19	0
3olt	0	0
3olt	1	0
3olt	2	1
3olt	3	0
3olt	4	0
3olt	5	1
3olt	6	1
3olt	7	1
3olt	8	0
3olt	9	0
3olt	10	0
3olt	11	1
3olt	12	0
3olt	13	0
3olt	14	0
3olt	15	0
3olt	16	0
3olt	17	0
3olt	18	0
3olt	19	0
3olt	20	0
3olt	21	0
3olt	22	0
3olt	23	0
3olt	24	0
3olt	25	0
3olt	26	0
3olt	27	0
3olt	28	0
3olt	29	0
3pgu	0	1
3pgu	1	0
3pgu	2	0
3pgu	3	0
3pgu	4	0
3pgu	5	0
3pgu	6	0
3pgu	7	0
3pgu	8	0
3pgu	9	0
3pp6	0	1
3pp6	1	1
3pp6	2	1
3pp6	3	0
3pp6	4	0
3pp6	5	0
3pp6	6	0
3pp6	7	0
3pp6	8	0
3ppt	0	1
3ppt	1	1
3pxp	0	0
3pxp	1	0
3pxp	2	1
3pxp	3	0
3pxp	4	1
3pxp	5	1
3pxp	6	0
3pxp	7	0
3pxp	8	0
3pxp	9	1
3pxp	10	0
3pxp	11	0
3pxp	12	0
3pxp	13	0
3pxp	14	1
3pxp	15	1
3pxp	16	0
3pxp	17	0
3pxp	18	0
3pxp	19	0
3pxp	20	0
3pxp	21	0
3pxp	22	0
3pxp	23	0
3pxp	24	0
3pxp	25	0
3pxp	26	0
3pxp	27	1
3pxp	28	0
3pxp	29	0
3pxp	30	0
3pxp	31	0
3pxp	32	0
3pxp	33	0
3pxp	34	0
3pxp	35	0
3pxp	36	0
3pxp	37	0
3pxp	38	0
3pxp	39	0
3pxp	40	0
3qh0	0	0
3qh0	1	1
3qh0	2	0
3qh0	3	0
3qh0	4	0
3qh0	5	0
3qh0	6	0
3qh0	7	0
3qh0	8	0
3qh0	9	0
3qh0	10	0
3qh0	11	0
3qh0	12	0
3qh0	13	0
3qh0	14	0
3qh0	15	0
3qh0	16	0
3qh0	17	0
3qh0	18	0
3qh0	19	0
3qh0	20	0
3qh0	21	0
3qh0	22	0
3qh0	23	0
3qh0	24	0
3qh0	25	0
3qh0	26	0
3qh0	27	0
3qh0	28	0
3qh0	29	0
3qh0	30	0
3qh0	31	0
3qh0	32	0
3qh0	33	0
3qh0	34	0
3qh0	35	0
3qlm	0	1
3qlm	1	0
3qlm	2	1
3qui	0	0
3qui	1	0
3qui	2	0
3qui	3	0
3qui	4	0
3qui	5	0
3qui	6	0
3qui	7	0
3qui	8	0
3qui	9	0
3qui	10	0
3sra	0	1
3sra	1	0
3sra	2	0
3sra	3	0
3sra	4	1
3sra	5	0
3sra	6	0
3sra	7	1
3sra	8	0
3sra	9	0
3sra	10	0
3sra	11	0
3sra	12	0
3sra	13	0
3sra	14	0
3stk	0	1
3stk	1	1
3stm	0	1
3stm	1	1
3syt	0	0
3syt	1	0
3syt	2	0
3syt	3	0
3syt	4	0
3syt	5	0
3syt	6	0
3syt	7	0
3syt	8	0
3syt	9	0
3syt	10	0
3syt	11	0
3syt	12	0
3syt	13	0
3syt	14	0
3syt	15	0
3syt	16	0
3syt	17	0
3syt	18	0
3syt	19	0
3syt	20	0
3syt	21	0
3syt	22	0
3syt	23	0
3syt	24	0
3syt	25	0
3syt	26	0
3syt	27	0
3syt	28	0
3syt	29	0
3syt	30	0
3syt	31	0
3syt	32	0
3syt	33	0
3syt	34	0
3syt	35	0
3syt	36	0
3syt	37	0
3syt	38	0
3syt	39	0
3syt	40	0
3syt	41	0
3syt	42	0
3syt	43	0
3syt	44	0
3syt	45	0
3syt	46	0
3syt	47	0
3syt	48	0
3syt	49	0
3syt	50	0
3syt	51	0
3syt	52	0
3syt	53	0
3syt	54	0
3syt	55	0
3syt	56	0
3syt	57	0
3syt	58	0
3syt	59	0
3syt	60	0
3syt	61	0
3syt	62	0
3syt	63	0
3syt	64	0
3syt	65	0
3syt	66	0
3syt	67	0
3syt	68	0
3syt	69	0
3syt	70	0
3syt	71	0
3syt	72	0
3syt	73	0
3syt	74	0
3syt	75	0
3syt	76	0
3syt	77	0
3syt	78	0
3syt	79	0
3sz1	0	1
3sz1	1	0
3sz1	2	0
3sz1	3	0
3sz1	4	0
3sz1	5	0
3sz1	6	0
3sz1	7	0
3sz1	8	0
3sz1	9	0
3sz1	10	0
3sz1	11	1
3tzi	0	0
3tzi	1	1
3tzi	2	0
3tzi	3	1
3tzi	4	0
3tzi	5	1
3tzi	6	1
3tzi	7	0
3tzi	8	0
3tzi	9	0
3tzi	10	0
3tzi	11	0
3tzi	12	0
3tzi	13	0
3tzi	14	0
3tzi	15	0
3tzi	16	0
3tzi	17	0
3tzi	18	0
3tzi	19	0
3tzi	20	0
3tzi	21	0
3tzi	22	0
3tzi	23	0
3tzi	24	0
3tzi	25	0
3tzi	26	0
3tzi	27	0
3tzi	28	0
3tzi	29	0
3tzi	30	0
3tzi	31	0
3tzi	32	0
3tzi	33	0
3tzi	34	0
3ueu	0	1
3ueu	1	0
3ueu	2	0
3uev	0	1
3uev	1	0
3uev	2	0
3uew	0	1
3uew	1	0
3uew	2	0
3uex	0	1
3uex	1	0
3uex	2	0
3uil	0	0
3uil	1	0
3uil	2	0
3uil	3	1
3uil	4	0
3uil	5	0
3uil	6	0
3uil	7	0
3uil	8	0
3uil	9	1
3uil	10	0
3uoi	0	0
3uoi	1	0
3uoi	2	0
3uoi	3	0
3uoi	4	0
3uoi	5	0
3uoi	6	0
3uoi	7	0
3uoi	8	0
3uoi	9	0
3uoi	10	0
3uoi	11	0
3uoi	12	0
3uoi	13	0
3uoi	14	0
3uoi	15	0
3uoi	16	0
3uoi	17	0
3uoi	18	0
3uoi	19	0
3uoi	20	0
3uoi	21	0
3uoi	22	0
3uoi	23	0
3uoi	24	0
3uoi	25	0
3uoi	26	0
3uoi	27	0
3uoi	28	0
3uoi	29	0
3uoi	30	0
3uoi	31	0
3uoi	32	0
3uoi	33	0
3uoi	34	0
3uoi	35	0
3uoi	36	0
3uoi	37	0
3uoi	38	0
3uoi	39	0
3uoi	40	0
3uoi	41	0
3uoi	42	0
3uoi	43	0
3uoi	44	0
3uoi	45	0
3uoi	46	0
3uoi	47	0
3uoi	48	0
3uoi	49	0
3uoi	50	0
3uoi	51	0
3uoi	52	0
3uoi	53	0
3uoi	54	0
3uoi	55	0
3uoi	56	0
3uoi	57	0
3uoi	58	0
3uoi	59	0
3uoi	60	0
3uoi	61	0
3uoi	62	0
3uoi	63	0
3uoi	64	0
3uoi	65	0
3uoi	66	0
3uoi	67	0
3uoi	68	0
3uoi	69	0
3uoi	70	0
3uoi	71	0
3uoi	72	0
3uoi	73	0
3uoi	74	0
3uoi	75	0
3uoi	76	0
3uoi	77	0
3uoi	78	0
3uoi	79	0
3uoi	80	0
3uoi	81	0
3uoi	82	0
3uoi	83	0
3uoi	84	0
3uoi	85	0
3uoi	86	0
3uoi	87	0
3uoi	88	0
3uoi	89	0
3uoi	90	0
3uoi	91	0
3uoi	92	0
3uoi	93	0
3uoi	94	0
3uoi	95	0
3uoi	96	0
3uoi	97	0
3uoi	98	0
3uoi	99	0
3uoi	100	0
3uoi	101	0
3uoi	102	0
3uoi	103	0
3uoi	104	0
3uoi	105	0
3uoi	106	0
3uoi	107	0
3uoi	108	0
3uoi	109	0
3uoi	110	0
3uoi	111	0
3uoi	112	0
3uoi	113	0
3uoi	114	0
3uoi	115	0
3uoi	116	0
3uoi	117	0
3uoi	118	0
3uoi	119	0
3uoi	120	0
3uoi	121	0
3uoi	122	0
3uoi	123	0
3uoi	124	0
3uoi	125	0
3uoi	126	0
3uoi	127	0
3uoi	128	0
3uoi	129	0
3uoi	130	0
3uoi	131	0
3uoi	132	0
3uoi	133	0
3uoi	134	0
3uoi	135	0
3uoi	136	0
3uoi	137	0
3uoi	138	0
3uoi	139	0
3uoi	140	0
3uoi	141	0
3uoi	142	0
3uoi	143	0
3uoi	144	0
3uoi	145	0
3uoi	146	0
3uoi	147	0
3uoi	148	0
3uoi	149	0
3uoi	150	0
3uoi	151	0
3uoi	152	0
3uoi	153	0
3uoi	154	0
3uoi	155	0
3uoi	156	0
3uoi	157	0
3uoi	158	0
3uoi	159	0
3uoi	160	0
3uoi	161	0
3uoi	162	0
3uoi	163	0
3uoi	164	0
3uoi	165	0
3uoi	166	0
3uoi	167	0
3uoi	168	0
3uoi	169	0
3uoi	170	0
3uoi	171	0
3uoi	172	0
3uoi	173	0
3uoi	174	0
3uoi	175	0
3uoi	176	0
3uoi	177	0
3uoi	178	0
3uoi	179	0
3uoi	180	0
3uoi	181	0
3uoi	182	0
3uoi	183	0
3uoi	184	0
3uoi	185	0
3uoi	186	0
3uoi	187	0
3uoi	188	0
3uoi	189	0
3uoi	190	0
3uoi	191	0
3uoi	192	0
3uoi	193	0
3uoi	194	0
3uoi	195	0
3uoi	196	0
3uoi	197	0
3uoi	198	0
3uoi	199	0
3uoi	200	0
3uoi	201	0
3uoi	202	0
3uoi	203	0
3uoi	204	0
3uoi	205	0
3uoi	206	0
3uoi	207	0
3uoi	208	0
3uoi	209	0
3uoi	210	0
3uoi	211	0
3uoi	212	0
3uoi	213	0
3uoi	214	0
3uoi	215	0
3uoi	216	0
3uoi	217	0
3uoi	218	0
3uoi	219	0
3uoi	220	0
3uoi	221	0
3uoi	222	0
3uoi	223	0
3uoi	224	0
3uoi	225	0
3uoi	226	0
3uoi	227	0
3uoi	228	0
3uoi	229	0
3uoi	230	0
3uoi	231	0
3uoi	232	0
3uoi	233	0
3uoi	234	0
3uoi	235	0
3uoi	236	0
3uoi	237	0
3uoi	238	0
3uoi	239	0
3uoi	240	0
3uoi	241	0
3uoi	242	0
3uoi	243	0
3uoi	244	0
3uoi	245	0
3uoi	246	0
3uoi	247	0
3uoi	248	0
3uoi	249	0
3uoi	250	0
3uoi	251	0
3usx	0	0
3usx	1	0
3usx	2	1
3usx	3	0
3usx	4	0
3usx	5	0
3usx	6	0
3usx	7	0
3usx	8	0
3usx	9	0
3usx	10	0
3usx	11	0
3usx	12	0
3usx	13	0
3usx	14	1
3usx	15	0
3usx	16	0
3v99	0	0
3v99	1	0
3v99	2	0
3v99	3	0
3v99	4	0
3v99	5	0
3v99	6	0
3v99	7	0
3v99	8	0
3v99	9	0
3v99	10	0
3v99	11	0
3v99	12	0
3v99	13	0
3v99	14	0
3v99	15	0
3v99	16	0
3v99	17	0
3v99	18	0
3v99	19	0
3v99	20	0
3v99	21	0
3v99	22	0
3v99	23	0
3v99	24	0
3v99	25	0
3v99	26	0
3v99	27	0
3v99	28	0
3v99	29	0
3v99	30	0
3v99	31	0
3v99	32	1
3v99	33	0
3v99	34	0
3v99	35	0
3w9k	0	1
3w9k	1	0
3w9k	2	0
3w9k	3	0
3web	0	1
3wva	0	0
3wva	1	0
3wva	2	0
3wva	3	0
3wva	4	0
3wva	5	0
3wva	6	0
3wva	7	0
3wva	8	0
3wva	9	0
3wva	10	0
3wva	11	0
3wvm	0	1
3wxq	0	1
3zui	0	1
4b0n	0	1
4b0n	1	1
4b0n	2	0
4b0n	3	0
4b0n	4	0
4b0n	5	0
4b0n	6	0
4b0n	7	0
4b0n	8	0
4b0n	9	0
4b0n	10	0
4b0n	11	0
4b0n	12	0
4b0n	13	0
4b0n	14	0
4b0n	15	0
4bke	0	1
4bke	1	1
4bke	2	1
4bke	3	1
4bke	4	1
4bke	5	0
4bke	6	0
4bke	7	0
4bke	8	0
4bke	9	0
4bke	10	0
4bke	11	0
4bke	12	1
4bke	13	1
4bke	14	0
4bke	15	0
4bke	16	0
4bke	17	0
4bke	18	0
4cp6	0	0
4cp6	1	0
4cp6	2	0
4cp6	3	0
4cp6	4	0
4cp6	5	0
4cp6	6	0
4cp6	7	0
4de6	0	0
4de6	1	0
4de6	2	0
4de6	3	0
4de6	4	0
4de6	5	0
4doo	0	1
4doo	1	1
4doo	2	0
4doo	3	1
4doo	4	0
4doo	5	0
4doo	6	0
4doo	7	0
4doo	8	0
4doo	9	1
4dq3	0	1
4dq3	1	0
4dq3	2	0
4dq4	0	1
4dq4	1	0
4dq4	2	0
4dq4	3	0
4dq4	4	0
4e1g	0	1
4e1g	1	0
4e1g	2	0
4e1g	3	1
4e1g	4	0
4e1g	5	0
4e1g	6	0
4e1g	7	0
4e1g	8	0
4e1g	9	0
4e1g	10	0
4e1g	11	0
4e1g	12	0
4e1g	13	0
4e1g	14	0
4e1g	15	0
4e1g	16	0
4e1g	17	0
4e1g	18	0
4e1g	19	0
4e1g	20	0
4e1g	21	0
4e1g	22	0
4e1g	23	0
4e1g	24	0
4e1g	25	0
4e1g	26	0
4e1g	27	0
4e1g	28	1
4e1g	29	1
4e1g	30	0
4e1g	31	0
4e1g	32	0
4e1g	33	0
4e1g	34	0
4e1g	35	0
4fnn	0	0
4fnn	1	0
4fnn	2	1
4fnn	3	0
4fnn	4	0
4fnn	5	0
4fnn	6	0
4fnn	7	0
4fnn	8	1
4fnn	9	0
4g0s	0	1
4g0s	1	1
4g0s	2	1
4g0s	3	0
4g0s	4	0
4g0s	5	0
4g0s	6	0
4g0s	7	0
4hnv	0	0
4hnv	1	0
4hnv	2	0
4hnv	3	0
4hnv	4	0
4hnv	5	0
4hnv	6	0
4hnv	7	0
4hnv	8	0
4hnv	9	0
4hnv	10	0
4hnv	11	0
4hnv	12	0
4hnv	13	0
4hnv	14	0
4hnv	15	0
4hnv	16	0
4hnv	17	0
4hnv	18	0
4hnv	19	0
4hnv	20	0
4hnv	21	0
4hnv	22	0
4hnv	23	0
4hnv	24	0
4hnv	25	0
4hnv	26	0
4hnv	27	0
4hnv	28	0
4hnv	29	0
4hnv	30	0
4hnv	31	0
4hnv	32	0
4hnv	33	0
4hnv	34	0
4hnv	35	0
4hnv	36	0
4hnv	37	0
4hnv	38	0
4hnv	39	0
4hnv	40	0
4hnv	41	0
4hnv	42	0
4hnv	43	0
4hnv	44	0
4hnv	45	0
4hnv	46	0
4hnv	47	0
4hnv	48	0
4hnv	49	0
4hnv	50	0
4hnv	51	0
4hnv	52	0
4hnv	53	0
4hnv	54	0
4hnv	55	0
4hnv	56	0
4hnv	57	0
4hnv	58	0
4hnv	59	0
4hnv	60	0
4hnv	61	0
4hnv	62	0
4hnv	63	0
4hnv	64	0
4hnv	65	0
4hnv	66	0
4hnv	67	0
4hnv	68	0
4hnv	69	0
4hnv	70	0
4hnv	71	0
4hnv	72	0
4hnv	73	0
4hnv	74	0
4hnv	75	0
4hnv	76	0
4hnv	77	0
4hnv	78	0
4hnv	79	0
4hnv	80	0
4hnv	81	0
4hnv	82	0
4hnv	83	0
4hnv	84	0
4hnv	85	0
4hnv	86	0
4hnv	87	0
4hnv	88	0
4hnv	89	0
4hnv	90	0
4hnv	91	0
4hnv	92	0
4ia6	0	0
4ia6	1	0
4ia6	2	0
4ia6	3	0
4ia6	4	0
4ia6	5	0
4ia6	6	0
4ia6	7	0
4ia6	8	0
4ia6	9	0
4ia6	10	0
4ia6	11	0
4ia6	12	0
4ia6	13	0
4ia6	14	0
4ia6	15	0
4ia6	16	0
4ia6	17	0
4ia6	18	0
4ia6	19	0
4ia6	20	0
4ia6	21	0
4ia6	22	0
4ia6	23	1
4ia6	24	0
4ia6	25	0
4ia6	26	0
4ia6	27	0
4ia6	28	1
4ia6	29	0
4ib6	0	1
4ib6	1	0
4ib6	2	0
4ib6	3	0
4jgx	0	1
4jgx	1	0
4jgx	2	0
4jgx	3	1
4jgx	4	0
4jgx	5	0
4kjx	0	1
4kjx	1	0
4kjx	2	0
4kjx	3	0
4kjx	4	1
4ku3	0	1
4ku3	1	0
4ku3	2	0
4ku3	3	0
4ku3	4	0
4ku3	5	0
4ku3	6	0
4ku5	0	1
4ku5	1	0
4ku5	2	0
4ku5	3	0
4ku5	4	0
4ku5	5	0
4ku5	6	0
4ku5	7	0
4ku5	8	0
4ku5	9	0
4ku5	10	0
4ku5	11	0
4ku5	12	0
4kvl	0	0
4kvl	1	0
4kvl	2	1
4kvl	3	0
4kvl	4	0
4kvl	5	0
4kvl	6	0
4kvl	7	0
4kvl	8	0
4kvl	9	0
4kvl	10	0
4kvl	11	0
4kvl	12	0
4kvl	13	0
4kvl	14	0
4kvl	15	0
4kvq	0	1
4kvq	1	0
4kvq	2	1
4kvq	3	0
4kvq	4	0
4kvq	5	0
4kvq	6	0
4l40	0	1
4l40	1	0
4l40	2	0
4l40	3	0
4l40	4	0
4l40	5	0
4l40	6	0
4l40	7	0
4l40	8	0
4l40	9	0
4lkt	0	1
4lkt	1	1
4lkt	2	0
4lkt	3	0
4lkt	4	1
4lkt	5	1
4lkt	6	1
4lkt	7	1
4lkt	8	1
4n6h	0	0
4n6h	1	0
4n6h	2	0
4n6h	3	1
4n6h	4	0
4n6h	5	0
4n6h	6	0
4nyq	0	1
4nyq	1	0
4nyq	2	0
4nyq	3	0
4nyq	4	0
4pwq	0	0
4pwq	1	0
4pwq	2	0
4pwq	3	0
4qlp	0	0
4qlp	1	0
4qlp	2	0
4qlp	3	0
4qlp	4	0
4qlp	5	0
4qlp	6	0
4qlp	7	0
4qlp	8	0
4qlp	9	0
4qlp	10	0
4qlp	11	0
4qwt	0	0
4qwt	1	0
4qwt	2	0
4qwt	3	0
4qwt	4	0
4qwt	5	0
4qwt	6	1
4qwt	7	0
4qwt	8	0
4qwt	9	0
4qwt	10	0
4qwt	11	0
4qwt	12	0
4qwt	13	0
4qwt	14	0
4qwt	15	0
4qwt	16	0
4qwt	17	0
4qwt	18	0
4qwt	19	0
4qwt	20	0
4qwt	21	0
4qwt	22	0
4qwt	23	0
4qwt	24	0
4qwt	25	0
4qwt	26	0
4qwt	27	0
4qwt	28	0
4qwt	29	0
4qwt	30	0
4qwt	31	0
4qwt	32	0
4qwt	33	0
4qwt	34	0
4qwt	35	0
4qwt	36	0
4qwt	37	0
4qwt	38	0
4qwt	39	0
4qwt	40	0
4qwt	41	1
4qwt	42	0
4qwt	43	0
4qwt	44	0
4qwt	45	0
4qwt	46	0
4qwt	47	0
4qwt	48	0
4qwt	49	0
4qwt	50	0
4qwt	51	0
4qwt	52	0
4qwt	53	0
4qwt	54	0
4qwt	55	0
4qwt	56	0
4qwt	57	0
4qwt	58	0
4qwt	59	0
4qwt	60	0
4qwt	61	0
4qwt	62	0
4qwt	63	0
4qwt	64	0
4qwt	65	0
4qwt	66	0
4qwt	67	0
4qwt	68	0
4qwt	69	0
4qwt	70	0
4qwt	71	0
4qwt	72	0
4qwt	73	0
4qwt	74	0
4qwt	75	0
4qwt	76	0
4qwt	77	0
4qwt	78	0
4qwt	79	0
4qwt	80	0
4qwt	81	0
4qwt	82	0
4r5r	0	0
4r5r	1	0
4r8x	0	0
4r8x	1	0
4r8x	2	0
4r8x	3	0
4r8x	4	0
4r8x	5	0
4r8x	6	0
4r8x	7	0
4r8x	8	0
4r8x	9	0
4r8x	10	0
4r8x	11	0
4r8x	12	0
4r8x	13	0
4r8x	14	0
4r8x	15	0
4r8x	16	0
4r8x	17	0
4r8x	18	0
4r8x	19	0
4r8x	20	0
4r8x	21	0
4r8x	22	0
4r8x	23	0
4r8x	24	0
4r8x	25	0
4r8x	26	0
4r8x	27	0
4r8x	28	0
4r8x	29	0
4r8x	30	0
4r8x	31	0
4r8x	32	0
4r8x	33	0
4r8x	34	0
4r8x	35	0
4r8x	36	0
4r8x	37	0
4r8x	38	0
4r8x	39	0
4rax	0	0
4rax	1	0
4rax	2	0
4rax	3	0
4rgy	0	0
4rgy	1	0
4rgy	2	0
4rgy	3	0
4rgy	4	0
4rgy	5	0
4rgy	6	0
4rwd	0	0
4rwd	1	0
4rwd	2	0
4rwd	3	0
4rwd	4	0
4rwd	5	0
4rwd	6	1
4rwd	7	0
4rwd	8	0
4rwd	9	0
4rwd	10	1
4rwd	11	0
4rxv	0	0
4rxv	1	0
4rxv	2	0
4rxv	3	0
4rz9	0	0
4rz9	1	0
4rz9	2	0
4s0x	0	0
4s0x	1	0
4s0x	2	1
4s0x	3	1
4s0x	4	0
4s0x	5	0
4tkb	0	1
4tkb	1	1
4tkb	2	0
4tkh	0	1
4tkh	1	1
4tkj	0	1
4ttw	0	0
4ttw	1	0
4uu3	0	0
4uu3	1	0
4uu3	2	0
4uul	0	0
4uul	1	0
4uul	2	0
4uul	3	0
4uul	4	0
4uul	5	0
4uul	6	0
4uul	7	0
4uul	8	0
4uul	9	0
4uul	10	0
4uul	11	0
4uul	12	0
4uul	13	0
4uul	14	0
4uul	15	0
4uul	16	0
4uww	0	0
4uww	1	0
4w71	0	0
4w8q	0	0
4w8q	1	0
4w8q	2	0
4w98	0	0
4w98	1	0
4w98	2	0
4w98	3	0
4wbk	0	1
4wbk	1	0
4wdc	0	0
4wfv	0	0
4wfv	1	0
4wy4	0	0
4wy4	1	0
4wy4	2	0
4wy4	3	0
4x9r	0	0
4x9r	1	0
4x9r	2	0
4x9r	3	0
4x9r	4	0
4x9r	5	0
4x9r	6	0
4xdx	0	0
4xeh	0	0
4xeh	1	0
4xo9	0	0
4xo9	1	0
4xo9	2	0
4xof	0	0
4y1w	0	0
4y1w	1	0
4y1w	2	0
4y1w	3	0
4y1w	4	0
4y2f	0	0
4y2f	1	0
4y2f	2	0
4y2f	3	0
4y9w	0	0
4y9w	1	0
4y9w	2	0
4yec	0	0
4yec	1	0
4yec	2	0
4yec	3	0
4yme	0	0
4yme	1	0
4yme	2	0
4ynh	0	0
4ytk	0	0
4ytk	1	0
4ytw	0	0
4ytw	1	0
4ytw	2	0
4ytw	3	0
4ytw	4	0
4ytw	5	0
4ytw	6	0
4ytw	7	0
4ytw	8	0
4ytw	9	0
4ytw	10	0
4ytw	11	0
4ytw	12	0
4yvo	0	0
4yvo	1	0
4z2o	0	0
4z69	0	1
4z69	1	1
4z69	2	1
4z69	3	0
4z69	4	1
4z69	5	0
4z69	6	0
4z69	7	0
4z69	8	1
4z69	9	0
4z69	10	0
4z69	11	0
4z69	12	0
4z69	13	0
4z69	14	0
4z69	15	0
4z69	16	1
4z69	17	0
4z69	18	0
4z69	19	0
4z69	20	0
4z69	21	0
4z69	22	0
4z69	23	0
4z69	24	0
4z69	25	0
4z69	26	0
4z69	27	0
4z69	28	0
4z69	29	0
4z69	30	0
4z69	31	0
4z69	32	0
4z69	33	0
4z69	34	1
4z69	35	0
4z69	36	0
4z69	37	0
4z69	38	0
4z69	39	0
4zfb	0	1
4zfb	1	0
4zfb	2	0
4zfb	3	1
4zfb	4	0
4zfb	5	0
4zfb	6	0
4zfb	7	0
4zfb	8	0
4zfb	9	0
4zfb	10	0
4zfb	11	0
4zfb	12	0
4zga	0	1
4zga	1	0
4zga	2	0
4zga	3	0
4zga	4	0
4zga	5	0
4zga	6	0
4zga	7	0
4zga	8	0
4zga	9	0
4zga	10	0
4zga	11	0
4zga	12	0
4zga	13	0
4zga	14	0
4zga	15	0
4zga	16	0
4zga	17	1
4zga	18	0
4zhw	0	0
4zot	0	0
4zot	1	0
4zot	2	0
4zot	3	0
4zot	4	0
4zy9	0	0
4zy9	1	0
4zy9	2	0
4zy9	3	0
4zy9	4	0
4zy9	5	0
4zy9	6	0
5anp	0	0
5anp	1	0
5anp	2	0
5anp	3	0
5anp	4	0
5anp	5	0
5anp	6	0
5arm	0	0
5avg	0	0
5avh	0	0
5avh	1	0
5avh	2	0
5avh	3	0
5avh	4	0
5avh	5	0
5avh	6	0
5avh	7	0
5avh	8	0
5avh	9	0
5avh	10	0
5azb	0	1
5azb	1	0
5azb	2	0
5azb	3	0
5azb	4	0
5azb	5	0
5b08	0	0
5b08	1	0
5b08	2	0
5b1n	0	0
5b27	0	1
5b27	1	0
5b28	0	1
5b28	1	0
5b29	0	1
5btw	0	0
5btw	1	0
5btw	2	0
5btw	3	0
5btw	4	0
5btw	5	0
5btw	6	0
5btw	7	0
5btw	8	0
5btw	9	0
5bty	0	0
5bty	1	0
5bvs	0	0
5bvs	1	1
5bvs	2	1
5bvs	3	0
5bvs	4	0
5c5z	0	0
5c5z	1	0
5c5z	2	0
5c5z	3	0
5c5z	4	0
5c5z	5	0
5c5z	6	0
5c5z	7	0
5c5z	8	0
5c5z	9	0
5c5z	10	0
5c98	0	0
5c98	1	0
5c98	2	0
5c98	3	0
5c98	4	0
5c98	5	0
5c98	6	0
5c98	7	0
5c98	8	0
5c98	9	0
5ce4	0	1
5civ	0	0
5civ	1	0
5civ	2	0
5civ	3	0
5civ	4	0
5civ	5	0
5civ	6	0
5civ	7	0
5csd	0	1
5csd	1	1
5csd	2	1
5csd	3	1
5csd	4	1
5csd	5	1
5csd	6	0
5csd	7	1
5csd	8	1
5csd	9	0
5csd	10	0
5csd	11	0
5csd	12	1
5csd	13	0
5csd	14	0
5csd	15	1
5csd	16	0
5csd	17	0
5csd	18	0
5csd	19	0
5csd	20	0
5csd	21	0
5csd	22	0
5csd	23	0
5csd	24	0
5csd	25	0
5csd	26	0
5csd	27	0
5csd	28	0
5cwe	0	1
5cwe	1	0
5cwe	2	1
5cwe	3	0
5cwe	4	0
5cwe	5	0
5cwe	6	0
5cwe	7	0
5cwe	8	0
5cwe	9	1
5cwe	10	0
5cwe	11	0
5cwe	12	0
5cwe	13	0
5cwe	14	0
5cwe	15	0
5cwe	16	0
5cwe	17	0
5cwe	18	0
5cwe	19	0
5cwe	20	0
5cwe	21	0
5cwe	22	0
5cwe	23	0
5cwe	24	0
5cwe	25	0
5cwe	26	0
5daz	0	0
5daz	1	0
5dmd	0	0
5dmd	1	0
5dmd	2	0
5dmd	3	0
5dmd	4	0
5e1w	0	0
5e1w	1	0
5e1w	2	0
5e1w	3	0
5e7x	0	1
5e7x	1	0
5ecf	0	0
5ecf	1	0
5ecf	2	0
5ecf	3	1
5ecf	4	0
5ecf	5	0
5ecf	6	0
5ecf	7	1
5ecf	8	1
5ecf	9	0
5ecf	10	1
5ecf	11	0
5ecf	12	0
5ecf	13	0
5ecf	14	0
5ecf	15	0
5ecf	16	0
5ecf	17	0
5ecf	18	0
5ecf	19	0
5ecf	20	1
5ecf	21	0
5ecf	22	0
5ecf	23	0
5ecf	24	1
5ecf	25	0
5ecf	26	0
5ecf	27	0
5ecf	28	0
5ecf	29	0
5ecf	30	0
5ecf	31	0
5ecf	32	1
5ecf	33	0
5ecf	34	0
5ecf	35	0
5ecf	36	0
5ecf	37	0
5ecf	38	0
5ecf	39	0
5ecf	40	1
5ecf	41	0
5ecf	42	0
5ecf	43	1
5ecf	44	0
5eha	0	0
5eip	0	0
5eip	1	0
5eip	2	0
5eip	3	0
5eip	4	0
5eip	5	0
5ej3	0	0
5ej3	1	0
5ej3	2	0
5ej3	3	0
5ej3	4	0
5ej3	5	0
5ej3	6	0
5ej3	7	0
5emb	0	0
5emb	1	0
5emb	2	0
5epq	0	1
5epq	1	0
5epq	2	0
5epq	3	1
5epq	4	0
5ezu	0	1
5fb7	0	1
5fb7	1	1
5fb7	2	1
5fb7	3	1
5fb7	4	0
5fb7	5	1
5fb7	6	1
5fb7	7	0
5fb7	8	1
5fb7	9	1
5fb7	10	0
5fb7	11	1
5fb7	12	0
5fb7	13	0
5fb7	14	0
5fb7	15	0
5fb7	16	0
5fb7	17	1
5fb7	18	1
5fus	0	1
5fus	1	1
5fus	2	1
5fus	3	0
5fus	4	0
5fus	5	0
5fus	6	0
5fus	7	0
5fus	8	0
5fus	9	0
5fus	10	0
5fus	11	0
5fus	12	0
5fus	13	0
5fus	14	0
5fus	15	0
5fus	16	0
5fw7	0	0
5fw7	1	0
5g51	0	0
5g51	1	0
5g51	2	0
5g5c	0	0
5g5c	1	0
5g5c	2	0
5g5c	3	0
5gix	0	1
5gix	1	1
5gix	2	1
5gix	3	1
5gix	4	1
5gix	5	1
5gix	6	1
5gix	7	1
5gix	8	0
5gix	9	0
5gix	10	0
5gix	11	0
5gix	12	0
5gix	13	1
5gix	14	1
5gix	15	0
5gix	16	0
5gix	17	1
5gix	18	0
5gix	19	0
5gix	20	0
5gix	21	0
5gix	22	0
5gix	23	0
5gix	24	0
5gix	25	1
5gix	26	1
5gix	27	0
5gix	28	0
5gix	29	0
5gix	30	0
5gix	31	0
5gix	32	0
5gix	33	0
5gix	34	0
5gix	35	0
5gix	36	0
5gix	37	0
5gix	38	0
5gix	39	0
5gix	40	0
5gix	41	0
5gix	42	0
5giy	0	1
5giy	1	1
5giy	2	1
5giy	3	1
5giy	4	0
5giy	5	0
5giy	6	0
5giy	7	0
5giy	8	1
5giy	9	0
5giy	10	0
5giy	11	0
5giy	12	0
5giy	13	0
5giy	14	0
5giy	15	0
5glx	0	0
5gng	0	0
5gng	1	0
5gng	2	0
5gng	3	0
5gng	4	0
5gng	5	0
5gt5	0	0
5gt5	1	0
5gt5	2	0
5gt5	3	0
5gt5	4	0
5gt5	5	0
5gt5	6	0
5gt5	7	0
5gt5	8	0
5gt5	9	0
5gyc	0	0
5gyc	1	0
5h1n	0	0
5h1n	1	0
5h1n	2	0
5h7t	0	0
5h9k	0	0
5h9k	1	0
5h9k	2	0
5h9k	3	0
5hhe	0	0
5hhe	1	0
5hhe	2	0
5hhe	3	0
5i32	0	0
5i32	1	0
5i45	0	0
5i45	1	0
5i4i	0	0
5i4i	1	0
5i4i	2	0
5i4i	3	0
5i4i	4	0
5i4i	5	0
5i4i	6	0
5i4i	7	0
5i4i	8	0
5i4i	9	0
5i4i	10	0
5i4i	11	0
5i4i	12	0
5i4i	13	0
5i4i	14	0
5i4i	15	0
5i5n	0	0
5i5n	1	0
5i5n	2	0
5i5n	3	0
5i5n	4	0
5id8	0	0
5id8	1	0
5id8	2	0
5id8	3	0
5id8	4	0
5id8	5	0
5id8	6	0
5ihs	0	0
5ihs	1	0
5ihw	0	0
5ihw	1	0
5ihw	2	0
5ii6	0	0
5ijm	0	0
5ijm	1	0
5ilu	0	0
5io9	0	0
5io9	1	0
5io9	2	0
5iox	0	0
5iox	1	0
5iox	2	0
5iox	3	0
5isv	0	0
5isv	1	0
5isv	2	0
5isv	3	0
5isv	4	0
5isv	5	0
5isv	6	0
5itm	0	0
5itm	1	0
5itm	2	0
5itm	3	0
5itm	4	0
5itm	5	0
5itm	6	0
5itq	0	0
5itq	1	0
5j5k	0	1
5j5l	0	1
5jh1	0	0
5jh1	1	0
5jh1	2	0
5jh1	3	0
5jh1	4	0
5jo8	0	0
5jo8	1	0
5jo8	2	0
5jo8	3	0
5jo8	4	0
5jo8	5	0
5jqn	0	0
5jqn	1	0
5jqn	2	0
5jqn	3	0
5k6d	0	0
5k6d	1	0
5kvb	0	0
5kvb	1	0
5kvr	0	0
5kwm	0	0
5kwm	1	0
5kwm	2	0
5kwn	0	0
5kwn	1	0
5kwn	2	0
5lf9	0	0
5lf9	1	0
5lf9	2	0
5lf9	3	0
5lf9	4	0
5lke	0	1
5lke	1	0
5lke	2	0
5lke	3	0
5lkf	0	1
5lkf	1	0
5lkf	2	0
5lnd	0	0
5lnd	1	0
5lnd	2	0
5lnd	3	0
5lp9	0	0
5lus	0	0
5lus	1	0
5lus	2	0
5lus	3	0
5lus	4	0
5lus	5	0
5lus	6	0
5lus	7	0
5lus	8	0
5lus	9	0
5lzn	0	0
5lzn	1	0
5m0p	0	1
5m0p	1	1
5m0p	2	0
5m0p	3	0
5m0p	4	0
5m0p	5	0
5m0p	6	0
5m0p	7	0
5m0p	8	0
5m0p	9	0
5m0p	10	0
5m0p	11	0
5m0p	12	0
5m0p	13	0
5m0p	14	0
5m0p	15	0
5m0p	16	0
5m0p	17	0
5m0p	18	0
5m0p	19	0
5m0p	20	0
5m0p	21	0
5m97	0	0
5m97	1	0
5mbq	0	0
5mbq	1	0
5mbq	2	0
5mbq	3	0
5mbq	4	0
5mbq	5	0
5mbq	6	0
5mbq	7	0
5mbq	8	0
5mbq	9	0
5mbq	10	0
5mbq	11	0
5mbq	12	0
5mfi	0	0
5mfi	1	0
5mfi	2	0
5mfi	3	0
5mfi	4	0
5mfi	5	0
5mfi	6	0
5mfi	7	0
5mfi	8	0
5mfi	9	0
5mfi	10	0
5mpv	0	0
5mr1	0	0
5muk	0	0
5muk	1	0
5muk	2	0
5muk	3	0
5muk	4	0
5n4b	0	0
5n4b	1	0
5n4b	2	0
5n4b	3	0
5n4b	4	0
5n4b	5	0
5n4b	6	0
5n4b	7	0
5n4b	8	0
5n4b	9	0
5n4b	10	0
5n4b	11	0
5n4b	12	0
5n4b	13	0
5n4b	14	0
5n4b	15	0
5n4b	16	0
5n4b	17	0
5n4b	18	0
5n4b	19	0
5n4b	20	0
5n4b	21	0
5n4b	22	0
5n4b	23	0
5n4b	24	0
5n4b	25	0
5n4b	26	0
5n4b	27	0
5n4b	28	0
5n4b	29	0
5n4b	30	0
5n4b	31	0
5n4b	32	0
5n4b	33	0
5n4b	34	0
5n4b	35	0
5n4b	36	0
5n4b	37	0
5n86	0	0
5n86	1	0
5n86	2	0
5n86	3	0
5n86	4	0
5n86	5	0
5n8b	0	0
5n8b	1	0
5n8b	2	0
5n8b	3	0
5n8b	4	0
5n8b	5	0
5n8b	6	0
5n8b	7	0
5n8b	8	0
5n8b	9	0
5n8b	10	0
5n8b	11	0
5ncc	0	1
5ncc	1	1
5ncc	2	1
5ncc	3	1
5ncc	4	0
5ncc	5	0
5ncc	6	0
5ncc	7	0
5ncc	8	0
5ncc	9	0
5ncc	10	0
5ncc	11	0
5ncc	12	0
5ncc	13	0
5ncc	14	0
5ncc	15	0
5ncc	16	0
5ncc	17	0
5ncc	18	0
5ncc	19	0
5ncc	20	0
5ncc	21	0
5ncc	22	0
5ncc	23	0
5ncc	24	0
5ncc	25	0
5ncc	26	0
5ncc	27	0
5ncc	28	0
5ncc	29	0
5ncc	30	0
5ncc	31	0
5ncc	32	0
5ncc	33	0
5ncc	34	0
5ncc	35	0
5ncc	36	0
5ncc	37	0
5ncc	38	0
5ncc	39	0
5ncc	40	0
5ncc	41	0
5ncc	42	0
5ncc	43	0
5ncc	44	0
5ncc	45	0
5ncc	46	0
5ncc	47	0
5ncc	48	0
5ncc	49	0
5ncc	50	0
5ncc	51	0
5ncc	52	0
5ncc	53	0
5ncc	54	0
5ncc	55	0
5ncc	56	0
5ncc	57	0
5ncc	58	0
5ncc	59	0
5ncc	60	0
5ncc	61	0
5ncc	62	0
5nnf	0	0
5noa	0	0
5noa	1	0
5noa	2	0
5noa	3	0
5nr4	0	0
5nr4	1	0
5nr4	2	0
5nr4	3	0
5nr4	4	0
5nr4	5	0
5nt7	0	0
5nt7	1	0
5nt7	2	0
5nt7	3	0
5nt7	4	0
5nt7	5	0
5nt7	6	0
5nt7	7	0
5nty	0	1
5nty	1	0
5nty	2	0
5nu2	0	1
5nu2	1	0
5nu2	2	0
5nu6	0	1
5nu6	1	0
5nu6	2	0
5nu8	0	1
5nu8	1	0
5nu8	2	0
5nu9	0	1
5nu9	1	0
5nu9	2	0
5nua	0	1
5nua	1	0
5nua	2	0
5nub	0	1
5nub	1	0
5nub	2	0
5o29	0	0
5o29	1	0
5o29	2	0
5o29	3	0
5o29	4	0
5o29	5	0
5o29	6	0
5o29	7	0
5o29	8	0
5o29	9	0
5o45	0	0
5o45	1	0
5o45	2	0
5o95	0	0
5o95	1	0
5o95	2	0
5o95	3	0
5o95	4	0
5o95	5	0
5o95	6	0
5o95	7	0
5o95	8	0
5o95	9	0
5o95	10	0
5o95	11	0
5o95	12	0
5o95	13	0
5o95	14	0
5o95	15	0
5o95	16	0
5o95	17	0
5o95	18	0
5o95	19	0
5o95	20	0
5o95	21	0
5o95	22	0
5o95	23	0
5o95	24	0
5o95	25	0
5o95	26	0
5o95	27	0
5oav	0	0
5oav	1	0
5oj5	0	0
5oj5	1	0
5oj5	2	0
5oj5	3	0
5okl	0	0
5okl	1	0
5okl	2	0
5okl	3	0
5okl	4	0
5okl	5	0
5okl	6	0
5okl	7	0
5okl	8	0
5okl	9	0
5okl	10	0
5okl	11	0
5okl	12	0
5okl	13	0
5okl	14	0
5okl	15	0
5okl	16	0
5okl	17	0
5okl	18	0
5okl	19	0
5okl	20	0
5okl	21	0
5okl	22	0
5okl	23	0
5okl	24	0
5okl	25	0
5okl	26	0
5okl	27	0
5okl	28	0
5okl	29	0
5okl	30	0
5okl	31	0
5okl	32	0
5okl	33	0
5okl	34	0
5okl	35	1
5okl	36	1
5okl	37	0
5okl	38	0
5okl	39	0
5okl	40	0
5okl	41	0
5okl	42	0
5omt	0	0
5oxc	0	0
5oxc	1	0
5oxc	2	0
5oxc	3	0
5oxz	0	0
5oxz	1	0
5sui	0	0
5sui	1	0
5sui	2	0
5sui	3	0
5sui	4	0
5sui	5	0
5sui	6	0
5sv2	0	0
5sxo	0	0
5sxo	1	0
5sxo	2	0
5sxo	3	0
5sxo	4	0
5sxo	5	0
5sxo	6	0
5sxo	7	0
5t8c	0	0
5t8c	1	0
5t8c	2	0
5t8c	3	0
5tk4	0	0
5tk4	1	0
5tk4	2	0
5toq	0	0
5toq	1	0
5toq	2	0
5toq	3	0
5toq	4	0
5toq	5	0
5toq	6	0
5toq	7	0
5toq	8	0
5toq	9	0
5toq	10	0
5toq	11	0
5toq	12	0
5toq	13	0
5toq	14	0
5toq	15	0
5toq	16	0
5toq	17	0
5toq	18	0
5tz5	0	0
5tz5	1	0
5tz5	2	0
5tz5	3	0
5tz5	4	0
5tz5	5	0
5tz5	6	0
5tz5	7	0
5tz5	8	0
5tz5	9	0
5tz5	10	0
5tz5	11	0
5tz5	12	0
5tz5	13	0
5u5o	0	0
5uc9	0	0
5uc9	1	1
5uc9	2	1
5uc9	3	0
5uc9	4	0
5uc9	5	1
5uc9	6	1
5uc9	7	0
5uc9	8	0
5uc9	9	0
5uc9	10	0
5uc9	11	0
5uc9	12	1
5uc9	13	0
5uc9	14	0
5uc9	15	0
5uc9	16	0
5uc9	17	0
5uc9	18	0
5uc9	19	0
5uc9	20	0
5uc9	21	0
5uc9	22	0
5uc9	23	0
5uc9	24	0
5uc9	25	0
5ump	0	0
5ump	1	0
5ump	2	0
5ump	3	0
5uto	0	1
5uto	1	0
5uto	2	0
5uto	3	0
5uto	4	0
5uto	5	1
5uto	6	0
5uto	7	0
5uto	8	0
5uto	9	1
5uto	10	0
5uto	11	0
5uto	12	1
5uto	13	0
5uto	14	0
5uto	15	0
5uto	16	1
5uto	17	0
5uto	18	0
5uwg	0	1
5uwg	1	0
5v3n	0	0
5v3n	1	0
5vfa	0	0
5vfa	1	0
5vfa	2	0
5vfa	3	0
5vfa	4	0
5vfa	5	0
5vgl	0	0
5vgl	1	0
5vny	0	0
5vx1	0	0
5vx1	1	0
5vx1	2	0
5vx1	3	0
5vx1	4	0
5vx1	5	0
5vx1	6	0
5vx1	7	0
5vx1	8	0
5w0h	0	0
5w1n	0	0
5w1n	1	0
5w1n	2	0
5w1n	3	0
5w1n	4	0
5w1n	5	0
5w1n	6	0
5w1n	7	0
5w1n	8	0
5w1n	9	0
5w1n	10	0
5w1n	11	0
5w1n	12	0
5w1n	13	0
5w1n	14	0
5w1n	15	0
5w1n	16	0
5w1n	17	0
5w1n	18	0
5w1n	19	0
5w1n	20	0
5wd9	0	0
5wfb	0	0
5wfb	1	0
5wfb	2	0
5wfb	3	0
5woo	0	1
5woo	1	1
5woo	2	1
5woo	3	0
5woo	4	0
5woo	5	0
5woo	6	0
5woo	7	0
5woo	8	0
5woo	9	0
5woo	10	0
5woo	11	0
5woo	12	1
5woo	13	1
5woo	14	0
5woo	15	0
5woo	16	0
5woo	17	0
5woo	18	0
5wsd	0	0
5wsd	1	0
5wsd	2	0
5wsd	3	0
5wsd	4	0
5xav	0	0
5xav	1	0
5xav	2	0
5xav	3	0
5xav	4	0
5xav	5	0
5xav	6	0
5xav	7	0
5xav	8	0
5xav	9	0
5xav	10	0
5xav	11	0
5xav	12	0
5xbc	0	0
5xbc	1	0
5xbc	2	0
5xbc	3	0
5xbc	4	0
5xbc	5	0
5xbu	0	0
5xcy	0	0
5xcy	1	0
5xcy	2	0
5xcy	3	0
5xn3	0	0
5xn3	1	0
5xn3	2	0
5ygb	0	0
5ygb	1	0
5ygb	2	0
5ygb	3	0
5ygb	4	0
5yhj	0	1
5yhj	1	1
5yhj	2	0
5yhj	3	0
5yhj	4	0
5yhj	5	0
5yhj	6	0
5yhj	7	0
5yhj	8	1
5yhj	9	0
5yhj	10	0
5yhj	11	0
5yhj	12	0
5yhj	13	0
5yhj	14	0
5yhj	15	0
5yhj	16	0
5yhj	17	0
5yhj	18	0
5yhj	19	0
5yhj	20	0
5yhj	21	0
5yiu	0	0
5ykr	0	0
5ykr	1	0
5ykr	2	0
5ykr	3	0
5ykr	4	0
5ykr	5	0
5ykr	6	0
5ykr	7	0
5ykr	8	0
5ykr	9	0
5ykr	10	0
5ykr	11	0
5ykz	0	0
5ykz	1	0
5ykz	2	0
5ykz	3	0
5yns	0	0
5yo6	0	0
5ysx	0	0
5ysx	1	0
5ysx	2	0
5ysx	3	0
5z0b	0	1
5z0b	1	1
5z0b	2	1
5z0b	3	1
5z0b	4	0
5z0b	5	0
5z0b	6	0
5z0b	7	0
5z0b	8	0
5z0b	9	0
5z0b	10	0
5z0b	11	0
5z0b	12	0
5z0b	13	0
5z0b	14	0
5z0b	15	0
5z0b	16	0
5z0b	17	0
5z0b	18	0
5z0b	19	0
5z0b	20	0
5z0b	21	0
5z0b	22	0
5z0b	23	0
5z0b	24	0
5z0b	25	0
5z0b	26	0
5z0b	27	0
5z0b	28	0
5z0b	29	0
5z0b	30	0
5z0b	31	0
5z0b	32	0
5z0b	33	0
5z0b	34	0
5z0b	35	0
5z0b	36	0
5z0b	37	0
5z0b	38	0
5z0b	39	0
5z0b	40	0
5z0b	41	1
5z0b	42	0
5z0b	43	0
5z0b	44	0
5z0b	45	0
5z0b	46	0
5z0b	47	0
5z0b	48	0
5z0b	49	0
5z0b	50	0
5z0b	51	0
5z0b	52	0
5z0b	53	0
5z0b	54	0
5z0b	55	0
5z0b	56	0
5z0b	57	0
5z0b	58	0
5z0b	59	0
5z0b	60	0
5z0b	61	0
5z0b	62	0
5z0b	63	0
5z0b	64	0
5z0b	65	0
5z0b	66	0
5z0b	67	0
5z8p	0	0
5z8p	1	0
6ao9	0	0
6ao9	1	0
6ao9	2	0
6aq3	0	1
6aq3	1	1
6aq3	2	1
6aq3	3	1
6aq3	4	1
6aq3	5	0
6aq3	6	1
6aq3	7	1
6aq3	8	0
6aq3	9	0
6aq3	10	0
6aq3	11	0
6aq3	12	0
6aq3	13	0
6aq3	14	0
6aq3	15	0
6aq3	16	0
6aq3	17	0
6aq3	18	0
6aq3	19	0
6aq3	20	0
6aq3	21	0
6aq3	22	0
6aq3	23	0
6ar0	0	0
6ar0	1	0
6at0	0	0
6avx	0	0
6avx	1	0
6b26	0	0
6b26	1	0
6b26	2	0
6b26	3	0
6b29	0	0
6b29	1	0
6b29	2	0
6b29	3	0
6b80	0	1
6b80	1	0
6b80	2	1
6b80	3	1
6b9x	0	0
6b9x	1	0
6b9x	2	0
6b9x	3	0
6b9x	4	0
6b9x	5	0
6b9x	6	0
6b9x	7	0
6b9x	8	0
6b9x	9	0
6b9x	10	0
6ba9	0	0
6ba9	1	0
6ba9	2	0
6bcd	0	0
6bcd	1	0
6bcd	2	0
6bcd	3	0
6bev	0	0
6bev	1	0
6bio	0	0
6bio	1	0
6bio	2	0
6bio	3	0
6bjj	0	0
6bjj	1	0
6bjj	2	0
6blm	0	0
6blm	1	0
6blm	2	0
6blm	3	0
6blm	4	0
6blm	5	0
6caf	0	0
6caf	1	0
6caf	2	0
6caf	3	0
6caf	4	0
6caf	5	0
6chx	0	0
6chx	1	0
6chx	2	0
6chx	3	0
6chx	4	0
6chx	5	0
6chx	6	0
6chx	7	0
6chx	8	0
6dga	0	0
6dj6	0	0
6dj6	1	1
6dj6	2	1
6dj6	3	0
6dj6	4	0
6dj6	5	1
6dj6	6	1
6dj6	7	1
6dj6	8	0
6dj6	9	0
6dj6	10	0
6dj6	11	0
6dke	0	1
6dke	1	0
6dke	2	0
6dke	3	0
6dke	4	0
6dnm	0	0
6dnm	1	0
6dnm	2	0
6dno	0	0
6dno	1	0
6dno	2	0
6e12	0	1
6e12	1	0
6e12	2	0
6e12	3	0
6e12	4	0
6e12	5	1
6e12	6	0
6e12	7	1
6e12	8	0
6e12	9	0
6e12	10	0
6e12	11	0
6e12	12	0
6e12	13	0
6e12	14	0
6e12	15	0
6e12	16	0
6e28	0	0
6e28	1	0
6e28	2	0
6elm	0	0
6elm	1	0
6elm	2	0
6elm	3	0
6ewl	0	0
6ewl	1	0
6ewl	2	0
6exu	0	0
6exu	1	0
6exu	2	0
6exu	3	0
6exu	4	0
6exu	5	0
6exx	0	0
6exx	1	0
6f0q	0	0
6f0q	1	0
6f0q	2	0
6f0q	3	0
6f0q	4	0
6f0q	5	0
6f0q	6	0
6f0q	7	0
6f0q	8	0
6f0q	9	0
6f0q	10	0
6f0q	11	0
6f4i	0	0
6f4i	1	0
6f4i	2	0
6f4i	3	0
6f4i	4	0
6f4i	5	0
6f4i	6	0
6f4i	7	0
6f4i	8	0
6f4i	9	0
6f4i	10	0
6f4i	11	0
6f4i	12	0
6f4i	13	0
6f4i	14	0
6f4i	15	0
6f4i	16	0
6f54	0	0
6f54	1	0
6f54	2	0
6f54	3	0
6f6o	0	0
6f6o	1	0
6fc0	0	0
6fc0	1	0
6fdg	0	0
6fdg	1	0
6fdg	2	0
6fdg	3	0
6fdg	4	0
6fdg	5	0
6fdg	6	0
6fdg	7	0
6fdg	8	0
6fdg	9	0
6fdg	10	0
6fdg	11	0
6fdg	12	0
6fdg	13	0
6fdg	14	0
6fdg	15	0
6fdg	16	0
6fm5	0	0
6fre	0	0
6fth	0	0
6fth	1	0
6fth	2	0
6fth	3	0
6fth	4	0
6fth	5	0
6fth	6	0
6fth	7	0
6fu9	0	0
6fu9	1	0
6fu9	2	0
6fu9	3	0
6fu9	4	0
6fu9	5	0
6fxd	0	0
6fxd	1	0
6fxd	2	0
6fxd	3	0
6fyj	0	1
6fyj	1	0
6fyj	2	0
6fyj	3	0
6fyj	4	0
6fyj	5	0
6fyj	6	1
6fyj	7	0
6fyj	8	0
6fyj	9	1
6fyj	10	0
6g65	0	0
6g65	1	0
6g65	2	0
6g65	3	0
6g65	4	0
6g65	5	0
6g65	6	0
6g65	7	0
6g65	8	0
6g65	9	0
6ggp	0	0
6ggp	1	0
6gk6	0	1
6gk6	1	0
6gk6	2	0
6gk6	3	0
6gk6	4	0
6gk6	5	0
6gk6	6	0
6gk6	7	0
6gk6	8	1
6gk6	9	0
6gk6	10	0
6gk6	11	1
6gqz	0	0
6gqz	1	0
6gqz	2	0
6gqz	3	0
6gqz	4	0
6gqz	5	0
6gqz	6	0
6gqz	7	0
6gqz	8	0
6gqz	9	0
6ibd	0	0
6ibd	1	0
6ibd	2	0
6ibd	3	0
6ibd	4	0
6ipy	0	0
6jgu	0	0
6ksi	0	0
6ksi	1	0
6ksi	2	0
6ksi	3	0
6ksi	4	0
6ksi	5	0
6ksi	6	0
6ksi	7	0
6ksi	8	0
6ksi	9	0
6ksi	10	0
6ksi	11	1
6ksi	12	0
6ksl	0	1
6ksl	1	0
6ksl	2	1
6ksl	3	0
6ksl	4	0
6ksl	5	0
6ksl	6	0
6ksl	7	0
6ksl	8	0
6ksl	9	0
6ksl	10	0
6ksl	11	0
6ksl	12	0
6ksl	13	0
6ksl	14	0
6ksm	0	0
6ksm	1	0
6ksm	2	0
6ksm	3	0
6ksm	4	0
6ksm	5	0
6ksm	6	0
6ksm	7	0
6ksm	8	0
6ksm	9	0
6ksm	10	0
6ksm	11	0
6ksm	12	0
6l4k	0	1
6l4k	1	1
6l4k	2	1
6l4k	3	1
6l4k	4	1
6l4k	5	1
6l4k	6	0
6l4k	7	1
6l4k	8	1
6l4k	9	1
6l4k	10	0
6l4k	11	1
6l4k	12	1
6l4k	13	0
6l4k	14	0
6l4k	15	0
6l4k	16	1
6l4k	17	0
6l4k	18	0
6l4k	19	0
6l4k	20	0
6l4k	21	0
6l4k	22	0
6l4k	23	0
6l4k	24	1
6l4k	25	0
6l4k	26	0
6l4k	27	0
6l4k	28	0
6l4k	29	0
6lq6	0	1
6lq6	1	1
6lq6	2	0
6lq6	3	0
6lq6	4	0
6lq6	5	0
6lq6	6	0
6lq6	7	0
6lq6	8	0
6lq6	9	0
6lq6	10	0
6lq6	11	0
6lq6	12	0
6lq6	13	0
6lq6	14	0
6lq6	15	0
6lq6	16	0
6lq6	17	0
6lq6	18	0
6lq6	19	0
6lq6	20	0
6lq6	21	0
6lq6	22	0
6lq6	23	0
6lq6	24	0
6lq6	25	0
6lq6	26	0
6lq6	27	0
6lq6	28	0
6lx6	0	1
6lx6	1	0
6lx6	2	0
6lx6	3	0
6lx6	4	0
6lx7	0	1
6lx7	1	0
6lx7	2	0
6lx7	3	0
6lx7	4	0
6lx7	5	0
6lx8	0	1
6lx8	1	0
6lx8	2	0
6lx8	3	0
6lx8	4	0
6lx8	5	0
6lx8	6	0
6lx9	0	1
6lx9	1	0
6lx9	2	0
6lx9	3	0
6lx9	4	0
6lx9	5	0
6lx9	6	0
6lx9	7	0
6mdh	0	0
6nbn	0	1
6nbn	1	1
6nok	0	1
6nok	1	0
6nok	2	0
6nzs	0	0
6nzs	1	0
6nzs	2	0
6nzs	3	0
6nzs	4	0
6nzs	5	0
6o1t	0	0
6o1t	1	1
6o1t	2	0
6o1t	3	0
6o1t	4	0
6o1t	5	0
6o1t	6	0
6o1t	7	1
6o1t	8	1
6ofy	0	0
6ofy	1	0
6ofy	2	1
6ofy	3	1
6ofy	4	1
6ofy	5	0
6ofy	6	0
6ofy	7	0
6ofy	8	0
6ofy	9	0
6ofy	10	0
6ofy	11	0
6ofy	12	0
6ofy	13	0
6ofy	14	0
6ofy	15	0
6ofy	16	0
6ofy	17	0
6ofy	18	0
6ofy	19	0
6ofy	20	0
6ofy	21	0
6ofy	22	0
6ofy	23	0
6ofy	24	0
6ofy	25	0
6ofy	26	0
6ofy	27	0
6ofy	28	0
6ofy	29	0
6ofy	30	0
6ogh	0	1
6ogh	1	0
6oii	0	1
6oii	1	1
6oii	2	0
6oii	3	0
6oii	4	0
6oii	5	1
6omw	0	0
6omw	1	0
6omw	2	1
6omw	3	1
6omw	4	1
6omw	5	1
6omw	6	0
6omw	7	0
6omw	8	0
6omw	9	0
6omw	10	0
6omw	11	0
6omw	12	0
6omw	13	0
6omw	14	0
6omw	15	0
6omw	16	0
6omw	17	0
6omw	18	0
6omw	19	0
6omw	20	0
6omw	21	0
6omw	22	0
6omw	23	0
6omw	24	0
6omw	25	0
6omw	26	0
6omw	27	0
6opb	0	1
6opb	1	1
6opb	2	0
6opb	3	1
6opb	4	0
6opb	5	0
6opb	6	0
6opb	7	0
6opb	8	0
6opb	9	0
6opb	10	0
6opb	11	0
6opb	12	0
6opb	13	0
6opb	14	0
6opb	15	0
6opb	16	0
6opb	17	0
6opb	18	0
6opb	19	0
6opb	20	0
6opb	21	0
6opb	22	0
6opb	23	0
6opb	24	0
6opb	25	0
6or3	0	1
6or3	1	0
6or3	2	0
6p5q	0	1
6p5q	1	1
6p5q	2	0
6p5q	3	0
6p5q	4	1
6p5q	5	0
6p5q	6	0
6p5q	7	0
6p5q	8	0
6p5q	9	0
6p5q	10	0
6p5q	11	0
6p5q	12	0
6p5q	13	0
6p5q	14	0
6pt2	0	1
6pt2	1	0
6pt2	2	1
6pt2	3	0
6pt2	4	0
6pt2	5	0
6pt2	6	0
6pt2	7	0
6pt2	8	0
6pt2	9	1
6pt2	10	0
6pt2	11	0
6pt2	12	0
6pt2	13	1
6pt2	14	0
6pt2	15	1
6pt2	16	0
6pt2	17	0
6pt2	18	0
6pt2	19	0
6pt2	20	0
6pt2	21	0
6pt2	22	0
6pt2	23	0
6pt2	24	0
6pt2	25	0
6qgo	0	1
6qgo	1	1
6qgo	2	0
6qgo	3	0
6qgo	4	1
6qgo	5	0
6qgo	6	1
6qgo	7	0
6qgo	8	0
6qgq	0	1
6qgq	1	1
6qgq	2	0
6qgq	3	0
6qgq	4	0
6qgq	5	0
6qgq	6	0
6qgq	7	0
6qgq	8	0
6qgq	9	0
6qgq	10	0
6qgq	11	0
6qgq	12	0
6qgq	13	0
6qgq	14	0
6qgq	15	0
6qgq	16	0
6qgq	17	1
6qgq	18	1
6qgq	19	0
6qgs	0	1
6qgs	1	1
6qgs	2	0
6qgs	3	1
6qgs	4	0
6qgs	5	0
6qgs	6	0
6qgs	7	0
6qgs	8	0
6qgs	9	0
6qgs	10	0
6qgs	11	0
6qgs	12	0
6qgs	13	0
6qgs	14	0
6qgs	15	0
6qgs	16	0
6qgs	17	0
6qgs	18	0
6qgs	19	0
6qnv	0	0
6qnv	1	0
6rwp	0	1
6rwp	1	0
6rwp	2	0
6rwp	3	0
6rwq	0	1
6rwq	1	1
6rwq	2	0
6rwr	0	0
6rwr	1	1
6rwr	2	0
6rwr	3	1
6rwr	4	0
6u1u	0	1
6u1u	1	0
6u1u	2	0
6u1u	3	0
6u1u	4	0
6u1u	5	1
6u1u	6	0
6u73	0	1
6u73	1	0
6u73	2	0
6u73	3	0
6u73	4	0
6u73	5	0
6u73	6	0
6u73	7	0
6u73	8	0
6v8l	0	1
6v8l	1	0
6v8l	2	0
6v8l	3	0
6v8l	4	0
6v8l	5	0
6v8l	6	0
6v8l	7	0
6v8l	8	0
6v8l	9	0
6v8l	10	0
6v8l	11	1
6v8l	12	0
6v8l	13	0
6v8l	14	0
6v8l	15	0
6v8l	16	0
6v8l	17	0
6vvq	0	1
6vvq	1	0
6vvq	2	0
6vvq	3	0
6vvq	4	0
6vvq	5	0
6vvq	6	0
6vvq	7	0
6vvq	8	0
6vvq	9	0
6vvq	10	0
6vvq	11	0
6vvq	12	0
6vvq	13	0
6vvq	14	0
6vvq	15	0
6vvq	16	0
6vvq	17	0
6vvq	18	0
6vvq	19	0
6vvq	20	0
6vvq	21	0
6vvq	22	0
6vvq	23	0
6vvq	24	0
6vvq	25	0
6vvq	26	0
6vvq	27	0
6vvq	28	0
6zb4	0	0
6zb4	1	0
6zb4	2	0
6zb4	3	0
6zb4	4	0
6zb4	5	0
6zb4	6	0
6zb4	7	1
6zb4	8	0
6zb4	9	1
6zb4	10	0
6zb4	11	0
6zb4	12	0
6zb4	13	0
6zb4	14	0
6zb4	15	0
6zb4	16	0
6zb4	17	0
6zb4	18	0
6zb4	19	0
6zb4	20	0
6zb4	21	0
6zb4	22	1
6zb4	23	0
6zb4	24	0
6zb4	25	1
6zb4	26	0
6zb4	27	0
6zb4	28	0
6zb4	29	0
6zb4	30	0
6zb4	31	0
6zb4	32	0
6zb4	33	0
6zb4	34	0
6zb4	35	0
6zb4	36	0
6zb4	37	0
6zb4	38	0
6zb4	39	0
6zb4	40	0
6zb4	41	0
6zb4	42	0
6zb4	43	0
6zb4	44	0
6zb4	45	0
6zb4	46	0
6zb4	47	0
6zb4	48	0
6zb4	49	0
6zb4	50	0
6zb4	51	0
6zb4	52	0
6zb4	53	0
6zb4	54	0
6zb4	55	0
6zb4	56	0
6zb4	57	0
6zb4	58	0
6zb4	59	0
6zb4	60	0
6zb4	61	0
6zb5	0	0
6zb5	1	0
6zb5	2	0
6zb5	3	0
6zb5	4	0
6zb5	5	0
6zb5	6	0
6zb5	7	0
6zb5	8	0
6zb5	9	0
6zb5	10	0
6zb5	11	0
6zb5	12	0
6zb5	13	0
6zb5	14	0
6zb5	15	0
6zb5	16	0
6zb5	17	0
6zb5	18	0
6zb5	19	0
6zb5	20	0
6zb5	21	0
6zb5	22	0
6zb5	23	0
6zb5	24	0
6zb5	25	0
6zb5	26	0
6zb5	27	0
6zb5	28	0
6zb5	29	0
6zb5	30	0
6zb5	31	0
6zb5	32	0
6zb5	33	0
6zb5	34	0
6zb5	35	0
6zb5	36	0
6zb5	37	0
6zb5	38	1
6zb5	39	0
6zb5	40	0
6zb5	41	0
6zb5	42	0
6zb5	43	0
6zb5	44	0
6zb5	45	0
6zb5	46	0
6zb5	47	1
6zb5	48	0
6zb5	49	0
6zb5	50	0
6zb5	51	0
6zb5	52	1
6zb5	53	0
6zb5	54	0
6zb5	55	0
6zb5	56	0
6zb5	57	0
6zb5	58	0
6zb5	59	0
6zb5	60	0
6zb5	61	1
6zb5	62	1
6zb5	63	0
6zb5	64	0
6zb5	65	1
6zp2	0	0
6zp2	1	0
6zp2	2	0
6zp2	3	0
6zp2	4	0
6zp2	5	0
6zp2	6	0
6zp2	7	0
6zp2	8	0
6zp2	9	1
6zp2	10	0
6zp2	11	0
6zp2	12	0
6zp2	13	0
6zp2	14	0
6zp2	15	0
6zp2	16	0
6zp2	17	0
6zp2	18	0
6zp2	19	0
6zp2	20	0
6zp2	21	0
6zp2	22	1
6zp2	23	0
6zp2	24	0
6zp2	25	0
6zp2	26	0
6zp2	27	0
6zp2	28	0
7a77	0	1
7a77	1	0
7a77	2	0
7a77	3	0
7a78	0	1
7a78	1	0
7a79	0	1
7a79	1	1
7a79	2	0
7a79	3	0
7a79	4	0
7a79	5	0
7a79	6	0
7a79	7	0
7jji	0	0
7jji	1	0
7jji	2	0
7jji	3	0
7jji	4	0
7jji	5	0
7jji	6	0
7jji	7	0
7jji	8	0
